, Hospital name,date,No of patients,Majority of gender,Majority of problems
0,KALASALINGAM HOSPITAL,2015-05-27 00:00:00+00:00,132,Male,cold
1,KALASALINGAM HOSPITAL,2015-05-28 00:00:00+00:00,132,Female,fever
2,KALASALINGAM HOSPITAL,2015-05-29 00:00:00+00:00,130,Male,headache
3,KALASALINGAM HOSPITAL,2015-06-01 00:00:00+00:00,131,Female,jaundies
4,KALASALINGAM HOSPITAL,2015-06-02 00:00:00+00:00,130,Male,colera
5,KALASALINGAM HOSPITAL,2015-06-03 00:00:00+00:00,130,Female,rashes
6,KALASALINGAM HOSPITAL,2015-06-04 00:00:00+00:00,129,Male,cold
7,KALASALINGAM HOSPITAL,2015-06-05 00:00:00+00:00,129,Female,fever
8,KALASALINGAM HOSPITAL,2015-06-08 00:00:00+00:00,128,Male,headache
9,KALASALINGAM HOSPITAL,2015-06-09 00:00:00+00:00,127,Female,jaundies
10,KALASALINGAM HOSPITAL,2015-06-10 00:00:00+00:00,129,Male,colera
11,KALASALINGAM HOSPITAL,2015-06-11 00:00:00+00:00,129,Female,rashes
12,KALASALINGAM HOSPITAL,2015-06-12 00:00:00+00:00,127,Male,cold
13,KALASALINGAM HOSPITAL,2015-06-15 00:00:00+00:00,127,Female,fever
14,KALASALINGAM HOSPITAL,2015-06-16 00:00:00+00:00,128,Male,headache
15,KALASALINGAM HOSPITAL,2015-06-17 00:00:00+00:00,127,Female,jaundies
16,KALASALINGAM HOSPITAL,2015-06-18 00:00:00+00:00,128,Male,colera
17,KALASALINGAM HOSPITAL,2015-06-19 00:00:00+00:00,127,Female,rashes
18,KALASALINGAM HOSPITAL,2015-06-22 00:00:00+00:00,128,Male,cold
19,KALASALINGAM HOSPITAL,2015-06-23 00:00:00+00:00,127,Female,fever
20,KALASALINGAM HOSPITAL,2015-06-24 00:00:00+00:00,128,Male,headache
21,KALASALINGAM HOSPITAL,2015-06-25 00:00:00+00:00,128,Female,jaundies
22,KALASALINGAM HOSPITAL,2015-06-26 00:00:00+00:00,127,Male,colera
23,KALASALINGAM HOSPITAL,2015-06-29 00:00:00+00:00,125,Female,cold
24,KALASALINGAM HOSPITAL,2015-06-30 00:00:00+00:00,125,Male,fever
25,KALASALINGAM HOSPITAL,2015-07-01 00:00:00+00:00,127,Female,headache
26,KALASALINGAM HOSPITAL,2015-07-02 00:00:00+00:00,126,Male,jaundies
27,KALASALINGAM HOSPITAL,2015-07-06 00:00:00+00:00,126,Female,colera
28,KALASALINGAM HOSPITAL,2015-07-07 00:00:00+00:00,126,Male,rashes
29,KALASALINGAM HOSPITAL,2015-07-08 00:00:00+00:00,123,Female,cold
30,KALASALINGAM HOSPITAL,2015-07-09 00:00:00+00:00,120,Male,fever
31,KALASALINGAM HOSPITAL,2015-07-10 00:00:00+00:00,123,Female,headache
32,KALASALINGAM HOSPITAL,2015-07-13 00:00:00+00:00,126,Male,jaundies
33,KALASALINGAM HOSPITAL,2015-07-14 00:00:00+00:00,126,Female,colera
34,KALASALINGAM HOSPITAL,2015-07-15 00:00:00+00:00,127,Male,rashes
35,KALASALINGAM HOSPITAL,2015-07-16 00:00:00+00:00,129,Female,cold
36,KALASALINGAM HOSPITAL,2015-07-17 00:00:00+00:00,130,Male,fever
37,KALASALINGAM HOSPITAL,2015-07-20 00:00:00+00:00,132,Female,headache
38,KALASALINGAM HOSPITAL,2015-07-21 00:00:00+00:00,131,Male,jaundies
39,KALASALINGAM HOSPITAL,2015-07-22 00:00:00+00:00,125,Female,colera
40,KALASALINGAM HOSPITAL,2015-07-23 00:00:00+00:00,125,Male,rashes
41,KALASALINGAM HOSPITAL,2015-07-24 00:00:00+00:00,125,Female,cold
42,KALASALINGAM HOSPITAL,2015-07-27 00:00:00+00:00,123,Male,fever
43,KALASALINGAM HOSPITAL,2015-07-28 00:00:00+00:00,123,Female,headache
44,KALASALINGAM HOSPITAL,2015-07-29 00:00:00+00:00,123,Male,jaundies
45,KALASALINGAM HOSPITAL,2015-07-30 00:00:00+00:00,122,Female,colera
46,KALASALINGAM HOSPITAL,2015-07-31 00:00:00+00:00,121,Male,cold
47,KALASALINGAM HOSPITAL,2015-08-03 00:00:00+00:00,118,Female,fever
48,KALASALINGAM HOSPITAL,2015-08-04 00:00:00+00:00,115,Male,headache
49,KALASALINGAM HOSPITAL,2015-08-05 00:00:00+00:00,115,Female,jaundies
50,KALASALINGAM HOSPITAL,2015-08-06 00:00:00+00:00,115,Male,colera
51,KALASALINGAM HOSPITAL,2015-08-07 00:00:00+00:00,116,Female,rashes
52,KALASALINGAM HOSPITAL,2015-08-10 00:00:00+00:00,120,Male,cold
53,KALASALINGAM HOSPITAL,2015-08-11 00:00:00+00:00,113,Female,fever
54,KALASALINGAM HOSPITAL,2015-08-12 00:00:00+00:00,115,Male,headache
55,KALASALINGAM HOSPITAL,2015-08-13 00:00:00+00:00,115,Female,jaundies
56,KALASALINGAM HOSPITAL,2015-08-14 00:00:00+00:00,116,Male,colera
57,KALASALINGAM HOSPITAL,2015-08-17 00:00:00+00:00,117,Female,rashes
58,KALASALINGAM HOSPITAL,2015-08-18 00:00:00+00:00,117,Male,cold
59,KALASALINGAM HOSPITAL,2015-08-19 00:00:00+00:00,115,Female,fever
60,KALASALINGAM HOSPITAL,2015-08-20 00:00:00+00:00,113,Male,headache
61,KALASALINGAM HOSPITAL,2015-08-21 00:00:00+00:00,106,Female,jaundies
62,KALASALINGAM HOSPITAL,2015-08-24 00:00:00+00:00,103,Male,colera
63,KALASALINGAM HOSPITAL,2015-08-25 00:00:00+00:00,104,Female,rashes
64,KALASALINGAM HOSPITAL,2015-08-26 00:00:00+00:00,110,Male,cold
65,KALASALINGAM HOSPITAL,2015-08-27 00:00:00+00:00,113,Female,fever
66,KALASALINGAM HOSPITAL,2015-08-28 00:00:00+00:00,113,Male,headache
67,KALASALINGAM HOSPITAL,2015-08-31 00:00:00+00:00,113,Female,jaundies
68,KALASALINGAM HOSPITAL,2015-09-01 00:00:00+00:00,108,Male,colera
69,KALASALINGAM HOSPITAL,2015-09-02 00:00:00+00:00,112,Female,cold
70,KALASALINGAM HOSPITAL,2015-09-03 00:00:00+00:00,110,Male,fever
71,KALASALINGAM HOSPITAL,2015-09-04 00:00:00+00:00,109,Female,headache
72,KALASALINGAM HOSPITAL,2015-09-08 00:00:00+00:00,112,Male,jaundies
73,KALASALINGAM HOSPITAL,2015-09-09 00:00:00+00:00,110,Female,colera
74,KALASALINGAM HOSPITAL,2015-09-10 00:00:00+00:00,113,Male,rashes
75,KALASALINGAM HOSPITAL,2015-09-11 00:00:00+00:00,114,Female,cold
76,KALASALINGAM HOSPITAL,2015-09-14 00:00:00+00:00,115,Male,fever
77,KALASALINGAM HOSPITAL,2015-09-15 00:00:00+00:00,116,Female,headache
78,KALASALINGAM HOSPITAL,2015-09-16 00:00:00+00:00,116,Male,jaundies
79,KALASALINGAM HOSPITAL,2015-09-17 00:00:00+00:00,114,Female,colera
80,KALASALINGAM HOSPITAL,2015-09-18 00:00:00+00:00,113,Male,rashes
81,KALASALINGAM HOSPITAL,2015-09-21 00:00:00+00:00,115,Female,cold
82,KALASALINGAM HOSPITAL,2015-09-22 00:00:00+00:00,113,Male,fever
83,KALASALINGAM HOSPITAL,2015-09-23 00:00:00+00:00,114,Female,headache
84,KALASALINGAM HOSPITAL,2015-09-24 00:00:00+00:00,115,Male,jaundies
85,KALASALINGAM HOSPITAL,2015-09-25 00:00:00+00:00,115,Female,colera
86,KALASALINGAM HOSPITAL,2015-09-28 00:00:00+00:00,112,Male,rashes
87,KALASALINGAM HOSPITAL,2015-09-29 00:00:00+00:00,109,Female,cold
88,KALASALINGAM HOSPITAL,2015-09-30 00:00:00+00:00,110,Male,fever
89,KALASALINGAM HOSPITAL,2015-10-01 00:00:00+00:00,110,Female,headache
90,KALASALINGAM HOSPITAL,2015-10-02 00:00:00+00:00,110,Male,jaundies
91,KALASALINGAM HOSPITAL,2015-10-05 00:00:00+00:00,111,Female,colera
92,KALASALINGAM HOSPITAL,2015-10-06 00:00:00+00:00,111,Male,cold
93,KALASALINGAM HOSPITAL,2015-10-07 00:00:00+00:00,111,Female,fever
94,KALASALINGAM HOSPITAL,2015-10-08 00:00:00+00:00,110,Male,headache
95,KALASALINGAM HOSPITAL,2015-10-09 00:00:00+00:00,112,Female,jaundies
96,KALASALINGAM HOSPITAL,2015-10-12 00:00:00+00:00,112,Male,colera
97,KALASALINGAM HOSPITAL,2015-10-13 00:00:00+00:00,112,Female,rashes
98,KALASALINGAM HOSPITAL,2015-10-14 00:00:00+00:00,110,Male,cold
99,KALASALINGAM HOSPITAL,2015-10-15 00:00:00+00:00,112,Female,fever
100,KALASALINGAM HOSPITAL,2015-10-16 00:00:00+00:00,111,Male,headache
101,KALASALINGAM HOSPITAL,2015-10-19 00:00:00+00:00,112,Female,jaundies
102,KALASALINGAM HOSPITAL,2015-10-20 00:00:00+00:00,114,Male,colera
103,KALASALINGAM HOSPITAL,2015-10-21 00:00:00+00:00,114,Female,rashes
104,KALASALINGAM HOSPITAL,2015-10-22 00:00:00+00:00,116,Male,cold
105,KALASALINGAM HOSPITAL,2015-10-23 00:00:00+00:00,119,Female,fever
106,KALASALINGAM HOSPITAL,2015-10-26 00:00:00+00:00,115,Male,headache
107,KALASALINGAM HOSPITAL,2015-10-27 00:00:00+00:00,115,Female,jaundies
108,KALASALINGAM HOSPITAL,2015-10-28 00:00:00+00:00,119,Male,colera
109,KALASALINGAM HOSPITAL,2015-10-29 00:00:00+00:00,121,Female,rashes
110,KALASALINGAM HOSPITAL,2015-10-30 00:00:00+00:00,120,Male,cold
111,KALASALINGAM HOSPITAL,2015-11-02 00:00:00+00:00,121,Female,fever
112,KALASALINGAM HOSPITAL,2015-11-03 00:00:00+00:00,123,Male,headache
113,KALASALINGAM HOSPITAL,2015-11-04 00:00:00+00:00,122,Female,jaundies
114,KALASALINGAM HOSPITAL,2015-11-05 00:00:00+00:00,121,Male,colera
115,KALASALINGAM HOSPITAL,2015-11-06 00:00:00+00:00,121,Female,cold
116,KALASALINGAM HOSPITAL,2015-11-09 00:00:00+00:00,121,Male,fever
117,KALASALINGAM HOSPITAL,2015-11-10 00:00:00+00:00,117,Female,headache
118,KALASALINGAM HOSPITAL,2015-11-11 00:00:00+00:00,116,Male,jaundies
119,KALASALINGAM HOSPITAL,2015-11-12 00:00:00+00:00,116,Female,colera
120,KALASALINGAM HOSPITAL,2015-11-13 00:00:00+00:00,112,Male,rashes
121,KALASALINGAM HOSPITAL,2015-11-16 00:00:00+00:00,114,Female,cold
122,KALASALINGAM HOSPITAL,2015-11-17 00:00:00+00:00,114,Male,fever
123,KALASALINGAM HOSPITAL,2015-11-18 00:00:00+00:00,117,Female,headache
124,KALASALINGAM HOSPITAL,2015-11-19 00:00:00+00:00,119,Male,jaundies
125,KALASALINGAM HOSPITAL,2015-11-20 00:00:00+00:00,119,Female,colera
126,KALASALINGAM HOSPITAL,2015-11-23 00:00:00+00:00,118,Male,rashes
127,KALASALINGAM HOSPITAL,2015-11-24 00:00:00+00:00,119,Female,cold
128,KALASALINGAM HOSPITAL,2015-11-25 00:00:00+00:00,118,Male,fever
129,KALASALINGAM HOSPITAL,2015-11-27 00:00:00+00:00,118,Female,headache
130,KALASALINGAM HOSPITAL,2015-11-30 00:00:00+00:00,118,Male,jaundies
131,KALASALINGAM HOSPITAL,2015-12-01 00:00:00+00:00,117,Female,colera
132,KALASALINGAM HOSPITAL,2015-12-02 00:00:00+00:00,116,Male,rashes
133,KALASALINGAM HOSPITAL,2015-12-03 00:00:00+00:00,115,Female,cold
134,KALASALINGAM HOSPITAL,2015-12-04 00:00:00+00:00,119,Male,fever
135,KALASALINGAM HOSPITAL,2015-12-07 00:00:00+00:00,118,Female,headache
136,KALASALINGAM HOSPITAL,2015-12-08 00:00:00+00:00,118,Male,jaundies
137,KALASALINGAM HOSPITAL,2015-12-09 00:00:00+00:00,116,Female,colera
138,KALASALINGAM HOSPITAL,2015-12-10 00:00:00+00:00,116,Male,cold
139,KALASALINGAM HOSPITAL,2015-12-11 00:00:00+00:00,113,Female,fever
140,KALASALINGAM HOSPITAL,2015-12-14 00:00:00+00:00,112,Male,headache
141,KALASALINGAM HOSPITAL,2015-12-15 00:00:00+00:00,110,Female,jaundies
142,KALASALINGAM HOSPITAL,2015-12-16 00:00:00+00:00,111,Male,colera
143,KALASALINGAM HOSPITAL,2015-12-17 00:00:00+00:00,109,Female,rashes
144,KALASALINGAM HOSPITAL,2015-12-18 00:00:00+00:00,106,Male,cold
145,KALASALINGAM HOSPITAL,2015-12-21 00:00:00+00:00,107,Female,fever
146,KALASALINGAM HOSPITAL,2015-12-22 00:00:00+00:00,107,Male,headache
147,KALASALINGAM HOSPITAL,2015-12-23 00:00:00+00:00,109,Female,jaundies
148,KALASALINGAM HOSPITAL,2015-12-24 00:00:00+00:00,108,Male,colera
149,KALASALINGAM HOSPITAL,2015-12-28 00:00:00+00:00,107,Female,rashes
150,KALASALINGAM HOSPITAL,2015-12-29 00:00:00+00:00,109,Male,cold
151,KALASALINGAM HOSPITAL,2015-12-30 00:00:00+00:00,107,Female,fever
152,KALASALINGAM HOSPITAL,2015-12-31 00:00:00+00:00,105,Male,headache
153,KALASALINGAM HOSPITAL,2016-01-04 00:00:00+00:00,105,Female,jaundies
154,KALASALINGAM HOSPITAL,2016-01-05 00:00:00+00:00,103,Male,colera
155,KALASALINGAM HOSPITAL,2016-01-06 00:00:00+00:00,101,Female,rashes
156,KALASALINGAM HOSPITAL,2016-01-07 00:00:00+00:00,96,Male,cold
157,KALASALINGAM HOSPITAL,2016-01-08 00:00:00+00:00,97,Female,fever
158,KALASALINGAM HOSPITAL,2016-01-11 00:00:00+00:00,99,Male,headache
159,KALASALINGAM HOSPITAL,2016-01-12 00:00:00+00:00,100,Female,jaundies
160,KALASALINGAM HOSPITAL,2016-01-13 00:00:00+00:00,97,Male,colera
161,KALASALINGAM HOSPITAL,2016-01-14 00:00:00+00:00,100,Female,cold
162,KALASALINGAM HOSPITAL,2016-01-15 00:00:00+00:00,97,Male,fever
163,KALASALINGAM HOSPITAL,2016-01-19 00:00:00+00:00,97,Female,headache
164,KALASALINGAM HOSPITAL,2016-01-20 00:00:00+00:00,97,Male,jaundies
165,KALASALINGAM HOSPITAL,2016-01-21 00:00:00+00:00,96,Female,colera
166,KALASALINGAM HOSPITAL,2016-01-22 00:00:00+00:00,101,Male,rashes
167,KALASALINGAM HOSPITAL,2016-01-25 00:00:00+00:00,99,Female,cold
168,KALASALINGAM HOSPITAL,2016-01-26 00:00:00+00:00,100,Male,fever
169,KALASALINGAM HOSPITAL,2016-01-27 00:00:00+00:00,93,Female,headache
170,KALASALINGAM HOSPITAL,2016-01-28 00:00:00+00:00,94,Male,jaundies
171,KALASALINGAM HOSPITAL,2016-01-29 00:00:00+00:00,97,Female,colera
172,KALASALINGAM HOSPITAL,2016-02-01 00:00:00+00:00,96,Male,rashes
173,KALASALINGAM HOSPITAL,2016-02-02 00:00:00+00:00,94,Female,cold
174,KALASALINGAM HOSPITAL,2016-02-03 00:00:00+00:00,96,Male,fever
175,KALASALINGAM HOSPITAL,2016-02-04 00:00:00+00:00,97,Female,headache
176,KALASALINGAM HOSPITAL,2016-02-05 00:00:00+00:00,94,Male,jaundies
177,KALASALINGAM HOSPITAL,2016-02-08 00:00:00+00:00,95,Female,colera
178,KALASALINGAM HOSPITAL,2016-02-09 00:00:00+00:00,95,Male,rashes
179,KALASALINGAM HOSPITAL,2016-02-10 00:00:00+00:00,94,Female,cold
180,KALASALINGAM HOSPITAL,2016-02-11 00:00:00+00:00,94,Male,fever
181,KALASALINGAM HOSPITAL,2016-02-12 00:00:00+00:00,94,Female,headache
182,KALASALINGAM HOSPITAL,2016-02-16 00:00:00+00:00,97,Male,jaundies
183,KALASALINGAM HOSPITAL,2016-02-17 00:00:00+00:00,98,Female,colera
184,KALASALINGAM HOSPITAL,2016-02-18 00:00:00+00:00,96,Male,cold
185,KALASALINGAM HOSPITAL,2016-02-19 00:00:00+00:00,96,Female,fever
186,KALASALINGAM HOSPITAL,2016-02-22 00:00:00+00:00,97,Male,headache
187,KALASALINGAM HOSPITAL,2016-02-23 00:00:00+00:00,95,Female,jaundies
188,KALASALINGAM HOSPITAL,2016-02-24 00:00:00+00:00,96,Male,colera
189,KALASALINGAM HOSPITAL,2016-02-25 00:00:00+00:00,97,Female,rashes
190,KALASALINGAM HOSPITAL,2016-02-26 00:00:00+00:00,97,Male,cold
191,KALASALINGAM HOSPITAL,2016-02-29 00:00:00+00:00,97,Female,fever
192,KALASALINGAM HOSPITAL,2016-03-01 00:00:00+00:00,101,Male,headache
193,KALASALINGAM HOSPITAL,2016-03-02 00:00:00+00:00,101,Female,jaundies
194,KALASALINGAM HOSPITAL,2016-03-03 00:00:00+00:00,102,Male,colera
195,KALASALINGAM HOSPITAL,2016-03-04 00:00:00+00:00,103,Female,rashes
196,KALASALINGAM HOSPITAL,2016-03-07 00:00:00+00:00,102,Male,cold
197,KALASALINGAM HOSPITAL,2016-03-08 00:00:00+00:00,101,Female,fever
198,KALASALINGAM HOSPITAL,2016-03-09 00:00:00+00:00,101,Male,headache
199,KALASALINGAM HOSPITAL,2016-03-10 00:00:00+00:00,101,Female,jaundies
200,KALASALINGAM HOSPITAL,2016-03-11 00:00:00+00:00,102,Male,colera
201,KALASALINGAM HOSPITAL,2016-03-14 00:00:00+00:00,103,Female,rashes
202,KALASALINGAM HOSPITAL,2016-03-15 00:00:00+00:00,105,Male,cold
203,KALASALINGAM HOSPITAL,2016-03-16 00:00:00+00:00,106,Female,fever
204,KALASALINGAM HOSPITAL,2016-03-17 00:00:00+00:00,106,Male,headache
205,KALASALINGAM HOSPITAL,2016-03-18 00:00:00+00:00,106,Female,jaundies
206,KALASALINGAM HOSPITAL,2016-03-21 00:00:00+00:00,106,Male,colera
207,KALASALINGAM HOSPITAL,2016-03-22 00:00:00+00:00,107,Female,cold
208,KALASALINGAM HOSPITAL,2016-03-23 00:00:00+00:00,106,Male,fever
209,KALASALINGAM HOSPITAL,2016-03-24 00:00:00+00:00,106,Female,headache
210,KALASALINGAM HOSPITAL,2016-03-28 00:00:00+00:00,105,Male,jaundies
211,KALASALINGAM HOSPITAL,2016-03-29 00:00:00+00:00,108,Female,colera
212,KALASALINGAM HOSPITAL,2016-03-30 00:00:00+00:00,110,Male,rashes
213,KALASALINGAM HOSPITAL,2016-03-31 00:00:00+00:00,109,Female,cold
214,KALASALINGAM HOSPITAL,2016-04-01 00:00:00+00:00,110,Male,fever
215,KALASALINGAM HOSPITAL,2016-04-04 00:00:00+00:00,111,Female,headache
216,KALASALINGAM HOSPITAL,2016-04-05 00:00:00+00:00,110,Male,jaundies
217,KALASALINGAM HOSPITAL,2016-04-06 00:00:00+00:00,111,Female,colera
218,KALASALINGAM HOSPITAL,2016-04-07 00:00:00+00:00,109,Male,rashes
219,KALASALINGAM HOSPITAL,2016-04-08 00:00:00+00:00,109,Female,cold
220,KALASALINGAM HOSPITAL,2016-04-11 00:00:00+00:00,109,Male,fever
221,KALASALINGAM HOSPITAL,2016-04-12 00:00:00+00:00,110,Female,headache
222,KALASALINGAM HOSPITAL,2016-04-13 00:00:00+00:00,112,Male,jaundies
223,KALASALINGAM HOSPITAL,2016-04-14 00:00:00+00:00,112,Female,colera
224,KALASALINGAM HOSPITAL,2016-04-15 00:00:00+00:00,110,Male,rashes
225,KALASALINGAM HOSPITAL,2016-04-18 00:00:00+00:00,107,Female,cold
226,KALASALINGAM HOSPITAL,2016-04-19 00:00:00+00:00,107,Male,fever
227,KALASALINGAM HOSPITAL,2016-04-20 00:00:00+00:00,107,Female,headache
228,KALASALINGAM HOSPITAL,2016-04-21 00:00:00+00:00,106,Male,jaundies
229,KALASALINGAM HOSPITAL,2016-04-22 00:00:00+00:00,106,Female,colera
230,KALASALINGAM HOSPITAL,2016-04-25 00:00:00+00:00,105,Male,cold
231,KALASALINGAM HOSPITAL,2016-04-26 00:00:00+00:00,104,Female,fever
232,KALASALINGAM HOSPITAL,2016-04-27 00:00:00+00:00,98,Male,headache
233,KALASALINGAM HOSPITAL,2016-04-28 00:00:00+00:00,95,Female,jaundies
234,KALASALINGAM HOSPITAL,2016-04-29 00:00:00+00:00,94,Male,colera
235,KALASALINGAM HOSPITAL,2016-05-02 00:00:00+00:00,94,Female,rashes
236,KALASALINGAM HOSPITAL,2016-05-03 00:00:00+00:00,95,Male,cold
237,KALASALINGAM HOSPITAL,2016-05-04 00:00:00+00:00,94,Female,fever
238,KALASALINGAM HOSPITAL,2016-05-05 00:00:00+00:00,93,Male,headache
239,KALASALINGAM HOSPITAL,2016-05-06 00:00:00+00:00,93,Female,jaundies
240,KALASALINGAM HOSPITAL,2016-05-09 00:00:00+00:00,93,Male,colera
241,KALASALINGAM HOSPITAL,2016-05-10 00:00:00+00:00,93,Female,rashes
242,KALASALINGAM HOSPITAL,2016-05-11 00:00:00+00:00,93,Male,cold
243,KALASALINGAM HOSPITAL,2016-05-12 00:00:00+00:00,90,Female,fever
244,KALASALINGAM HOSPITAL,2016-05-13 00:00:00+00:00,91,Male,headache
245,KALASALINGAM HOSPITAL,2016-05-16 00:00:00+00:00,94,Female,jaundies
246,KALASALINGAM HOSPITAL,2016-05-17 00:00:00+00:00,93,Male,colera
247,KALASALINGAM HOSPITAL,2016-05-18 00:00:00+00:00,95,Female,rashes
248,KALASALINGAM HOSPITAL,2016-05-19 00:00:00+00:00,94,Male,cold
249,KALASALINGAM HOSPITAL,2016-05-20 00:00:00+00:00,95,Female,fever
250,KALASALINGAM HOSPITAL,2016-05-23 00:00:00+00:00,96,Male,headache
251,KALASALINGAM HOSPITAL,2016-05-24 00:00:00+00:00,98,Female,jaundies
252,KALASALINGAM HOSPITAL,2016-05-25 00:00:00+00:00,100,Male,colera
253,KALASALINGAM HOSPITAL,2016-05-26 00:00:00+00:00,100,Female,cold
254,KALASALINGAM HOSPITAL,2016-05-27 00:00:00+00:00,100,Male,fever
255,KALASALINGAM HOSPITAL,2016-05-31 00:00:00+00:00,100,Female,headache
256,KALASALINGAM HOSPITAL,2016-06-01 00:00:00+00:00,98,Male,jaundies
257,KALASALINGAM HOSPITAL,2016-06-02 00:00:00+00:00,98,Female,colera
258,KALASALINGAM HOSPITAL,2016-06-03 00:00:00+00:00,98,Male,rashes
259,KALASALINGAM HOSPITAL,2016-06-06 00:00:00+00:00,99,Female,cold
260,KALASALINGAM HOSPITAL,2016-06-07 00:00:00+00:00,99,Male,fever
261,KALASALINGAM HOSPITAL,2016-06-08 00:00:00+00:00,99,Female,headache
262,KALASALINGAM HOSPITAL,2016-06-09 00:00:00+00:00,100,Male,jaundies
263,KALASALINGAM HOSPITAL,2016-06-10 00:00:00+00:00,99,Female,colera
264,KALASALINGAM HOSPITAL,2016-06-13 00:00:00+00:00,97,Male,rashes
265,KALASALINGAM HOSPITAL,2016-06-14 00:00:00+00:00,97,Female,cold
266,KALASALINGAM HOSPITAL,2016-06-15 00:00:00+00:00,97,Male,fever
267,KALASALINGAM HOSPITAL,2016-06-16 00:00:00+00:00,98,Female,headache
268,KALASALINGAM HOSPITAL,2016-06-17 00:00:00+00:00,95,Male,jaundies
269,KALASALINGAM HOSPITAL,2016-06-20 00:00:00+00:00,95,Female,colera
270,KALASALINGAM HOSPITAL,2016-06-21 00:00:00+00:00,96,Male,rashes
271,KALASALINGAM HOSPITAL,2016-06-22 00:00:00+00:00,96,Female,cold
272,KALASALINGAM HOSPITAL,2016-06-23 00:00:00+00:00,96,Male,fever
273,KALASALINGAM HOSPITAL,2016-06-24 00:00:00+00:00,93,Female,headache
274,KALASALINGAM HOSPITAL,2016-06-27 00:00:00+00:00,92,Male,jaundies
275,KALASALINGAM HOSPITAL,2016-06-28 00:00:00+00:00,94,Female,colera
276,KALASALINGAM HOSPITAL,2016-06-29 00:00:00+00:00,94,Male,cold
277,KALASALINGAM HOSPITAL,2016-06-30 00:00:00+00:00,96,Female,fever
278,KALASALINGAM HOSPITAL,2016-07-01 00:00:00+00:00,96,Male,headache
279,KALASALINGAM HOSPITAL,2016-07-05 00:00:00+00:00,95,Female,jaundies
280,KALASALINGAM HOSPITAL,2016-07-06 00:00:00+00:00,96,Male,colera
281,KALASALINGAM HOSPITAL,2016-07-07 00:00:00+00:00,96,Female,rashes
282,KALASALINGAM HOSPITAL,2016-07-08 00:00:00+00:00,97,Male,cold
283,KALASALINGAM HOSPITAL,2016-07-11 00:00:00+00:00,97,Female,fever
284,KALASALINGAM HOSPITAL,2016-07-12 00:00:00+00:00,97,Male,headache
285,KALASALINGAM HOSPITAL,2016-07-13 00:00:00+00:00,97,Female,jaundies
286,KALASALINGAM HOSPITAL,2016-07-14 00:00:00+00:00,99,Male,colera
287,KALASALINGAM HOSPITAL,2016-07-15 00:00:00+00:00,99,Female,rashes
288,KALASALINGAM HOSPITAL,2016-07-18 00:00:00+00:00,100,Male,cold
289,KALASALINGAM HOSPITAL,2016-07-19 00:00:00+00:00,100,Female,fever
290,KALASALINGAM HOSPITAL,2016-07-20 00:00:00+00:00,100,Male,headache
291,KALASALINGAM HOSPITAL,2016-07-21 00:00:00+00:00,99,Female,jaundies
292,KALASALINGAM HOSPITAL,2016-07-22 00:00:00+00:00,99,Male,colera
293,KALASALINGAM HOSPITAL,2016-07-25 00:00:00+00:00,97,Female,rashes
294,KALASALINGAM HOSPITAL,2016-07-26 00:00:00+00:00,97,Male,cold
295,KALASALINGAM HOSPITAL,2016-07-27 00:00:00+00:00,103,Female,fever
296,KALASALINGAM HOSPITAL,2016-07-28 00:00:00+00:00,104,Male,headache
297,KALASALINGAM HOSPITAL,2016-07-29 00:00:00+00:00,104,Female,jaundies
298,KALASALINGAM HOSPITAL,2016-08-01 00:00:00+00:00,106,Male,colera
299,KALASALINGAM HOSPITAL,2016-08-02 00:00:00+00:00,104,Female,cold
300,KALASALINGAM HOSPITAL,2016-08-03 00:00:00+00:00,106,Male,fever
301,KALASALINGAM HOSPITAL,2016-08-04 00:00:00+00:00,106,Female,headache
302,KALASALINGAM HOSPITAL,2016-08-05 00:00:00+00:00,107,Male,jaundies
303,KALASALINGAM HOSPITAL,2016-08-08 00:00:00+00:00,108,Female,colera
304,KALASALINGAM HOSPITAL,2016-08-09 00:00:00+00:00,109,Male,rashes
305,KALASALINGAM HOSPITAL,2016-08-10 00:00:00+00:00,108,Female,cold
306,KALASALINGAM HOSPITAL,2016-08-11 00:00:00+00:00,108,Male,fever
307,KALASALINGAM HOSPITAL,2016-08-12 00:00:00+00:00,108,Female,headache
308,KALASALINGAM HOSPITAL,2016-08-15 00:00:00+00:00,109,Male,jaundies
309,KALASALINGAM HOSPITAL,2016-08-16 00:00:00+00:00,109,Female,colera
310,KALASALINGAM HOSPITAL,2016-08-17 00:00:00+00:00,109,Male,rashes
311,KALASALINGAM HOSPITAL,2016-08-18 00:00:00+00:00,109,Female,cold
312,KALASALINGAM HOSPITAL,2016-08-19 00:00:00+00:00,109,Male,fever
313,KALASALINGAM HOSPITAL,2016-08-22 00:00:00+00:00,109,Female,headache
314,KALASALINGAM HOSPITAL,2016-08-23 00:00:00+00:00,109,Male,jaundies
315,KALASALINGAM HOSPITAL,2016-08-24 00:00:00+00:00,108,Female,colera
316,KALASALINGAM HOSPITAL,2016-08-25 00:00:00+00:00,108,Male,rashes
317,KALASALINGAM HOSPITAL,2016-08-26 00:00:00+00:00,107,Female,cold
318,KALASALINGAM HOSPITAL,2016-08-29 00:00:00+00:00,107,Male,fever
319,KALASALINGAM HOSPITAL,2016-08-30 00:00:00+00:00,106,Female,headache
320,KALASALINGAM HOSPITAL,2016-08-31 00:00:00+00:00,106,Male,jaundies
321,KALASALINGAM HOSPITAL,2016-09-01 00:00:00+00:00,107,Female,colera
322,KALASALINGAM HOSPITAL,2016-09-02 00:00:00+00:00,108,Male,cold
323,KALASALINGAM HOSPITAL,2016-09-06 00:00:00+00:00,108,Female,fever
324,KALASALINGAM HOSPITAL,2016-09-07 00:00:00+00:00,108,Male,headache
325,KALASALINGAM HOSPITAL,2016-09-08 00:00:00+00:00,106,Female,jaundies
326,KALASALINGAM HOSPITAL,2016-09-09 00:00:00+00:00,103,Male,colera
327,KALASALINGAM HOSPITAL,2016-09-12 00:00:00+00:00,105,Female,rashes
328,KALASALINGAM HOSPITAL,2016-09-13 00:00:00+00:00,108,Male,cold
329,KALASALINGAM HOSPITAL,2016-09-14 00:00:00+00:00,112,Female,fever
330,KALASALINGAM HOSPITAL,2016-09-15 00:00:00+00:00,116,Male,headache
331,KALASALINGAM HOSPITAL,2016-09-16 00:00:00+00:00,115,Female,jaundies
332,KALASALINGAM HOSPITAL,2016-09-19 00:00:00+00:00,114,Male,colera
333,KALASALINGAM HOSPITAL,2016-09-20 00:00:00+00:00,114,Female,rashes
334,KALASALINGAM HOSPITAL,2016-09-21 00:00:00+00:00,114,Male,cold
335,KALASALINGAM HOSPITAL,2016-09-22 00:00:00+00:00,115,Female,fever
336,KALASALINGAM HOSPITAL,2016-09-23 00:00:00+00:00,113,Male,headache
337,KALASALINGAM HOSPITAL,2016-09-26 00:00:00+00:00,113,Female,jaundies
338,KALASALINGAM HOSPITAL,2016-09-27 00:00:00+00:00,113,Male,colera
339,KALASALINGAM HOSPITAL,2016-09-28 00:00:00+00:00,114,Female,rashes
340,KALASALINGAM HOSPITAL,2016-09-29 00:00:00+00:00,112,Male,cold
341,KALASALINGAM HOSPITAL,2016-09-30 00:00:00+00:00,113,Female,fever
342,KALASALINGAM HOSPITAL,2016-10-03 00:00:00+00:00,113,Male,headache
343,KALASALINGAM HOSPITAL,2016-10-04 00:00:00+00:00,113,Female,jaundies
344,KALASALINGAM HOSPITAL,2016-10-05 00:00:00+00:00,113,Male,colera
345,KALASALINGAM HOSPITAL,2016-10-06 00:00:00+00:00,114,Female,cold
346,KALASALINGAM HOSPITAL,2016-10-07 00:00:00+00:00,114,Male,fever
347,KALASALINGAM HOSPITAL,2016-10-10 00:00:00+00:00,116,Female,headache
348,KALASALINGAM HOSPITAL,2016-10-11 00:00:00+00:00,116,Male,jaundies
349,KALASALINGAM HOSPITAL,2016-10-12 00:00:00+00:00,117,Female,colera
350,KALASALINGAM HOSPITAL,2016-10-13 00:00:00+00:00,117,Male,rashes
351,KALASALINGAM HOSPITAL,2016-10-14 00:00:00+00:00,118,Female,cold
352,KALASALINGAM HOSPITAL,2016-10-17 00:00:00+00:00,118,Male,fever
353,KALASALINGAM HOSPITAL,2016-10-18 00:00:00+00:00,117,Female,headache
354,KALASALINGAM HOSPITAL,2016-10-19 00:00:00+00:00,117,Male,jaundies
355,KALASALINGAM HOSPITAL,2016-10-20 00:00:00+00:00,117,Female,colera
356,KALASALINGAM HOSPITAL,2016-10-21 00:00:00+00:00,117,Male,rashes
357,KALASALINGAM HOSPITAL,2016-10-24 00:00:00+00:00,118,Female,cold
358,KALASALINGAM HOSPITAL,2016-10-25 00:00:00+00:00,118,Male,fever
359,KALASALINGAM HOSPITAL,2016-10-26 00:00:00+00:00,116,Female,headache
360,KALASALINGAM HOSPITAL,2016-10-27 00:00:00+00:00,114,Male,jaundies
361,KALASALINGAM HOSPITAL,2016-10-28 00:00:00+00:00,114,Female,colera
362,KALASALINGAM HOSPITAL,2016-10-31 00:00:00+00:00,114,Male,rashes
363,KALASALINGAM HOSPITAL,2016-11-01 00:00:00+00:00,111,Female,cold
364,KALASALINGAM HOSPITAL,2016-11-02 00:00:00+00:00,112,Male,fever
365,KALASALINGAM HOSPITAL,2016-11-03 00:00:00+00:00,110,Female,headache
366,KALASALINGAM HOSPITAL,2016-11-04 00:00:00+00:00,109,Male,jaundies
367,KALASALINGAM HOSPITAL,2016-11-07 00:00:00+00:00,110,Female,colera
368,KALASALINGAM HOSPITAL,2016-11-08 00:00:00+00:00,111,Male,cold
369,KALASALINGAM HOSPITAL,2016-11-09 00:00:00+00:00,111,Female,fever
370,KALASALINGAM HOSPITAL,2016-11-10 00:00:00+00:00,108,Male,headache
371,KALASALINGAM HOSPITAL,2016-11-11 00:00:00+00:00,108,Female,jaundies
372,KALASALINGAM HOSPITAL,2016-11-14 00:00:00+00:00,106,Male,colera
373,KALASALINGAM HOSPITAL,2016-11-15 00:00:00+00:00,107,Female,rashes
374,KALASALINGAM HOSPITAL,2016-11-16 00:00:00+00:00,110,Male,cold
375,KALASALINGAM HOSPITAL,2016-11-17 00:00:00+00:00,110,Female,fever
376,KALASALINGAM HOSPITAL,2016-11-18 00:00:00+00:00,110,Male,headache
377,KALASALINGAM HOSPITAL,2016-11-21 00:00:00+00:00,112,Female,jaundies
378,KALASALINGAM HOSPITAL,2016-11-22 00:00:00+00:00,112,Male,colera
379,KALASALINGAM HOSPITAL,2016-11-23 00:00:00+00:00,111,Female,rashes
380,KALASALINGAM HOSPITAL,2016-11-25 00:00:00+00:00,112,Male,cold
381,KALASALINGAM HOSPITAL,2016-11-28 00:00:00+00:00,112,Female,fever
382,KALASALINGAM HOSPITAL,2016-11-29 00:00:00+00:00,111,Male,headache
383,KALASALINGAM HOSPITAL,2016-11-30 00:00:00+00:00,111,Female,jaundies
384,KALASALINGAM HOSPITAL,2016-12-01 00:00:00+00:00,109,Male,colera
385,KALASALINGAM HOSPITAL,2016-12-02 00:00:00+00:00,110,Female,rashes
386,KALASALINGAM HOSPITAL,2016-12-05 00:00:00+00:00,109,Male,cold
387,KALASALINGAM HOSPITAL,2016-12-06 00:00:00+00:00,110,Female,fever
388,KALASALINGAM HOSPITAL,2016-12-07 00:00:00+00:00,111,Male,headache
389,KALASALINGAM HOSPITAL,2016-12-08 00:00:00+00:00,112,Female,jaundies
390,KALASALINGAM HOSPITAL,2016-12-09 00:00:00+00:00,114,Male,colera
391,KALASALINGAM HOSPITAL,2016-12-12 00:00:00+00:00,113,Female,cold
392,KALASALINGAM HOSPITAL,2016-12-13 00:00:00+00:00,115,Male,fever
393,KALASALINGAM HOSPITAL,2016-12-14 00:00:00+00:00,115,Female,headache
394,KALASALINGAM HOSPITAL,2016-12-15 00:00:00+00:00,116,Male,jaundies
395,KALASALINGAM HOSPITAL,2016-12-16 00:00:00+00:00,116,Female,colera
396,KALASALINGAM HOSPITAL,2016-12-19 00:00:00+00:00,117,Male,rashes
397,KALASALINGAM HOSPITAL,2016-12-20 00:00:00+00:00,117,Female,cold
398,KALASALINGAM HOSPITAL,2016-12-21 00:00:00+00:00,117,Male,fever
399,KALASALINGAM HOSPITAL,2016-12-22 00:00:00+00:00,116,Female,headache
400,KALASALINGAM HOSPITAL,2016-12-23 00:00:00+00:00,117,Male,jaundies
401,KALASALINGAM HOSPITAL,2016-12-27 00:00:00+00:00,117,Female,colera
402,KALASALINGAM HOSPITAL,2016-12-28 00:00:00+00:00,117,Male,rashes
403,KALASALINGAM HOSPITAL,2016-12-29 00:00:00+00:00,117,Female,cold
404,KALASALINGAM HOSPITAL,2016-12-30 00:00:00+00:00,116,Male,fever
405,KALASALINGAM HOSPITAL,2017-01-03 00:00:00+00:00,116,Female,headache
406,KALASALINGAM HOSPITAL,2017-01-04 00:00:00+00:00,116,Male,jaundies
407,KALASALINGAM HOSPITAL,2017-01-05 00:00:00+00:00,117,Female,colera
408,KALASALINGAM HOSPITAL,2017-01-06 00:00:00+00:00,118,Male,rashes
409,KALASALINGAM HOSPITAL,2017-01-09 00:00:00+00:00,119,Female,cold
410,KALASALINGAM HOSPITAL,2017-01-10 00:00:00+00:00,119,Male,fever
411,KALASALINGAM HOSPITAL,2017-01-11 00:00:00+00:00,120,Female,headache
412,KALASALINGAM HOSPITAL,2017-01-12 00:00:00+00:00,119,Male,jaundies
413,KALASALINGAM HOSPITAL,2017-01-13 00:00:00+00:00,119,Female,colera
414,KALASALINGAM HOSPITAL,2017-01-17 00:00:00+00:00,120,Male,cold
415,KALASALINGAM HOSPITAL,2017-01-18 00:00:00+00:00,120,Female,fever
416,KALASALINGAM HOSPITAL,2017-01-19 00:00:00+00:00,120,Male,headache
417,KALASALINGAM HOSPITAL,2017-01-20 00:00:00+00:00,120,Female,jaundies
418,KALASALINGAM HOSPITAL,2017-01-23 00:00:00+00:00,120,Male,colera
419,KALASALINGAM HOSPITAL,2017-01-24 00:00:00+00:00,120,Female,rashes
420,KALASALINGAM HOSPITAL,2017-01-25 00:00:00+00:00,122,Male,cold
421,KALASALINGAM HOSPITAL,2017-01-26 00:00:00+00:00,122,Female,fever
422,KALASALINGAM HOSPITAL,2017-01-27 00:00:00+00:00,122,Male,headache
423,KALASALINGAM HOSPITAL,2017-01-30 00:00:00+00:00,122,Female,jaundies
424,KALASALINGAM HOSPITAL,2017-01-31 00:00:00+00:00,121,Male,colera
425,KALASALINGAM HOSPITAL,2017-02-01 00:00:00+00:00,129,Female,rashes
426,KALASALINGAM HOSPITAL,2017-02-02 00:00:00+00:00,129,Male,cold
427,KALASALINGAM HOSPITAL,2017-02-03 00:00:00+00:00,129,Female,fever
428,KALASALINGAM HOSPITAL,2017-02-06 00:00:00+00:00,130,Male,headache
429,KALASALINGAM HOSPITAL,2017-02-07 00:00:00+00:00,132,Female,jaundies
430,KALASALINGAM HOSPITAL,2017-02-08 00:00:00+00:00,132,Male,colera
431,KALASALINGAM HOSPITAL,2017-02-09 00:00:00+00:00,132,Female,rashes
432,KALASALINGAM HOSPITAL,2017-02-10 00:00:00+00:00,132,Male,cold
433,KALASALINGAM HOSPITAL,2017-02-13 00:00:00+00:00,133,Female,fever
434,KALASALINGAM HOSPITAL,2017-02-14 00:00:00+00:00,135,Male,headache
435,KALASALINGAM HOSPITAL,2017-02-15 00:00:00+00:00,136,Female,jaundies
436,KALASALINGAM HOSPITAL,2017-02-16 00:00:00+00:00,135,Male,colera
437,KALASALINGAM HOSPITAL,2017-02-17 00:00:00+00:00,136,Female,cold
438,KALASALINGAM HOSPITAL,2017-02-21 00:00:00+00:00,137,Male,fever
439,KALASALINGAM HOSPITAL,2017-02-22 00:00:00+00:00,137,Female,headache
440,KALASALINGAM HOSPITAL,2017-02-23 00:00:00+00:00,137,Male,jaundies
441,KALASALINGAM HOSPITAL,2017-02-24 00:00:00+00:00,137,Female,colera
442,KALASALINGAM HOSPITAL,2017-02-27 00:00:00+00:00,137,Male,rashes
443,KALASALINGAM HOSPITAL,2017-02-28 00:00:00+00:00,137,Female,cold
444,KALASALINGAM HOSPITAL,2017-03-01 00:00:00+00:00,140,Male,fever
445,KALASALINGAM HOSPITAL,2017-03-02 00:00:00+00:00,139,Female,headache
446,KALASALINGAM HOSPITAL,2017-03-03 00:00:00+00:00,140,Male,jaundies
447,KALASALINGAM HOSPITAL,2017-03-06 00:00:00+00:00,139,Female,colera
448,KALASALINGAM HOSPITAL,2017-03-07 00:00:00+00:00,140,Male,rashes
449,KALASALINGAM HOSPITAL,2017-03-08 00:00:00+00:00,139,Female,cold
450,KALASALINGAM HOSPITAL,2017-03-09 00:00:00+00:00,139,Male,fever
451,KALASALINGAM HOSPITAL,2017-03-10 00:00:00+00:00,139,Female,headache
452,KALASALINGAM HOSPITAL,2017-03-13 00:00:00+00:00,139,Male,jaundies
453,KALASALINGAM HOSPITAL,2017-03-14 00:00:00+00:00,139,Female,colera
454,KALASALINGAM HOSPITAL,2017-03-15 00:00:00+00:00,140,Male,rashes
455,KALASALINGAM HOSPITAL,2017-03-16 00:00:00+00:00,141,Female,cold
456,KALASALINGAM HOSPITAL,2017-03-17 00:00:00+00:00,140,Male,fever
457,KALASALINGAM HOSPITAL,2017-03-20 00:00:00+00:00,141,Female,headache
458,KALASALINGAM HOSPITAL,2017-03-21 00:00:00+00:00,140,Male,jaundies
459,KALASALINGAM HOSPITAL,2017-03-22 00:00:00+00:00,141,Female,colera
460,KALASALINGAM HOSPITAL,2017-03-23 00:00:00+00:00,141,Male,cold
461,KALASALINGAM HOSPITAL,2017-03-24 00:00:00+00:00,141,Female,fever
462,KALASALINGAM HOSPITAL,2017-03-27 00:00:00+00:00,141,Male,headache
463,KALASALINGAM HOSPITAL,2017-03-28 00:00:00+00:00,144,Female,jaundies
464,KALASALINGAM HOSPITAL,2017-03-29 00:00:00+00:00,144,Male,colera
465,KALASALINGAM HOSPITAL,2017-03-30 00:00:00+00:00,144,Female,rashes
466,KALASALINGAM HOSPITAL,2017-03-31 00:00:00+00:00,144,Male,cold
467,KALASALINGAM HOSPITAL,2017-04-03 00:00:00+00:00,144,Female,fever
468,KALASALINGAM HOSPITAL,2017-04-04 00:00:00+00:00,145,Male,headache
469,KALASALINGAM HOSPITAL,2017-04-05 00:00:00+00:00,144,Female,jaundies
470,KALASALINGAM HOSPITAL,2017-04-06 00:00:00+00:00,144,Male,colera
471,KALASALINGAM HOSPITAL,2017-04-07 00:00:00+00:00,143,Female,rashes
472,KALASALINGAM HOSPITAL,2017-04-10 00:00:00+00:00,143,Male,cold
473,KALASALINGAM HOSPITAL,2017-04-11 00:00:00+00:00,142,Female,fever
474,KALASALINGAM HOSPITAL,2017-04-12 00:00:00+00:00,142,Male,headache
475,KALASALINGAM HOSPITAL,2017-04-13 00:00:00+00:00,141,Female,jaundies
476,KALASALINGAM HOSPITAL,2017-04-17 00:00:00+00:00,142,Male,colera
477,KALASALINGAM HOSPITAL,2017-04-18 00:00:00+00:00,141,Female,rashes
478,KALASALINGAM HOSPITAL,2017-04-19 00:00:00+00:00,141,Male,cold
479,KALASALINGAM HOSPITAL,2017-04-20 00:00:00+00:00,142,Female,fever
480,KALASALINGAM HOSPITAL,2017-04-21 00:00:00+00:00,142,Male,headache
481,KALASALINGAM HOSPITAL,2017-04-24 00:00:00+00:00,144,Female,jaundies
482,KALASALINGAM HOSPITAL,2017-04-25 00:00:00+00:00,145,Male,colera
483,KALASALINGAM HOSPITAL,2017-04-26 00:00:00+00:00,144,Female,cold
484,KALASALINGAM HOSPITAL,2017-04-27 00:00:00+00:00,144,Male,fever
485,KALASALINGAM HOSPITAL,2017-04-28 00:00:00+00:00,144,Female,headache
486,KALASALINGAM HOSPITAL,2017-05-01 00:00:00+00:00,147,Male,jaundies
487,KALASALINGAM HOSPITAL,2017-05-02 00:00:00+00:00,148,Female,colera
488,KALASALINGAM HOSPITAL,2017-05-03 00:00:00+00:00,147,Male,rashes
489,KALASALINGAM HOSPITAL,2017-05-04 00:00:00+00:00,147,Female,cold
490,KALASALINGAM HOSPITAL,2017-05-05 00:00:00+00:00,149,Male,fever
491,KALASALINGAM HOSPITAL,2017-05-08 00:00:00+00:00,153,Female,headache
492,KALASALINGAM HOSPITAL,2017-05-09 00:00:00+00:00,154,Male,jaundies
493,KALASALINGAM HOSPITAL,2017-05-10 00:00:00+00:00,153,Female,colera
494,KALASALINGAM HOSPITAL,2017-05-11 00:00:00+00:00,154,Male,rashes
495,KALASALINGAM HOSPITAL,2017-05-12 00:00:00+00:00,156,Female,cold
496,KALASALINGAM HOSPITAL,2017-05-15 00:00:00+00:00,156,Male,fever
497,KALASALINGAM HOSPITAL,2017-05-16 00:00:00+00:00,155,Female,headache
498,KALASALINGAM HOSPITAL,2017-05-17 00:00:00+00:00,150,Male,jaundies
499,KALASALINGAM HOSPITAL,2017-05-18 00:00:00+00:00,153,Female,colera
500,KALASALINGAM HOSPITAL,2017-05-19 00:00:00+00:00,153,Male,rashes
501,KALASALINGAM HOSPITAL,2017-05-22 00:00:00+00:00,154,Female,cold
502,KALASALINGAM HOSPITAL,2017-05-23 00:00:00+00:00,154,Male,fever
503,KALASALINGAM HOSPITAL,2017-05-24 00:00:00+00:00,153,Female,headache
504,KALASALINGAM HOSPITAL,2017-05-25 00:00:00+00:00,154,Male,jaundies
505,KALASALINGAM HOSPITAL,2017-05-26 00:00:00+00:00,154,Female,colera
506,KALASALINGAM HOSPITAL,2017-05-30 00:00:00+00:00,154,Male,cold
507,KALASALINGAM HOSPITAL,2017-05-31 00:00:00+00:00,153,Female,fever
508,KALASALINGAM HOSPITAL,2017-06-01 00:00:00+00:00,153,Male,headache
509,KALASALINGAM HOSPITAL,2017-06-02 00:00:00+00:00,155,Female,jaundies
510,KALASALINGAM HOSPITAL,2017-06-05 00:00:00+00:00,154,Male,colera
511,KALASALINGAM HOSPITAL,2017-06-06 00:00:00+00:00,154,Female,rashes
512,KALASALINGAM HOSPITAL,2017-06-07 00:00:00+00:00,155,Male,cold
513,KALASALINGAM HOSPITAL,2017-06-08 00:00:00+00:00,155,Female,fever
514,KALASALINGAM HOSPITAL,2017-06-09 00:00:00+00:00,149,Male,headache
515,KALASALINGAM HOSPITAL,2017-06-12 00:00:00+00:00,145,Female,jaundies
516,KALASALINGAM HOSPITAL,2017-06-13 00:00:00+00:00,147,Male,colera
517,KALASALINGAM HOSPITAL,2017-06-14 00:00:00+00:00,145,Female,rashes
518,KALASALINGAM HOSPITAL,2017-06-15 00:00:00+00:00,144,Male,cold
519,KALASALINGAM HOSPITAL,2017-06-16 00:00:00+00:00,142,Female,fever
520,KALASALINGAM HOSPITAL,2017-06-19 00:00:00+00:00,146,Male,headache
521,KALASALINGAM HOSPITAL,2017-06-20 00:00:00+00:00,145,Female,jaundies
522,KALASALINGAM HOSPITAL,2017-06-21 00:00:00+00:00,146,Male,colera
523,KALASALINGAM HOSPITAL,2017-06-22 00:00:00+00:00,146,Female,rashes
524,KALASALINGAM HOSPITAL,2017-06-23 00:00:00+00:00,146,Male,cold
525,KALASALINGAM HOSPITAL,2017-06-26 00:00:00+00:00,146,Female,fever
526,KALASALINGAM HOSPITAL,2017-06-27 00:00:00+00:00,144,Male,headache
527,KALASALINGAM HOSPITAL,2017-06-28 00:00:00+00:00,146,Female,jaundies
528,KALASALINGAM HOSPITAL,2017-06-29 00:00:00+00:00,144,Male,colera
529,KALASALINGAM HOSPITAL,2017-06-30 00:00:00+00:00,144,Female,cold
530,KALASALINGAM HOSPITAL,2017-07-03 00:00:00+00:00,144,Male,fever
531,KALASALINGAM HOSPITAL,2017-07-05 00:00:00+00:00,144,Female,headache
532,KALASALINGAM HOSPITAL,2017-07-06 00:00:00+00:00,143,Male,jaundies
533,KALASALINGAM HOSPITAL,2017-07-07 00:00:00+00:00,144,Female,colera
534,KALASALINGAM HOSPITAL,2017-07-10 00:00:00+00:00,145,Male,rashes
535,KALASALINGAM HOSPITAL,2017-07-11 00:00:00+00:00,146,Female,cold
536,KALASALINGAM HOSPITAL,2017-07-12 00:00:00+00:00,146,Male,fever
537,KALASALINGAM HOSPITAL,2017-07-13 00:00:00+00:00,148,Female,headache
538,KALASALINGAM HOSPITAL,2017-07-14 00:00:00+00:00,149,Male,jaundies
539,KALASALINGAM HOSPITAL,2017-07-17 00:00:00+00:00,150,Female,colera
540,KALASALINGAM HOSPITAL,2017-07-18 00:00:00+00:00,150,Male,rashes
541,KALASALINGAM HOSPITAL,2017-07-19 00:00:00+00:00,151,Female,cold
542,KALASALINGAM HOSPITAL,2017-07-20 00:00:00+00:00,150,Male,fever
543,KALASALINGAM HOSPITAL,2017-07-21 00:00:00+00:00,150,Female,headache
544,KALASALINGAM HOSPITAL,2017-07-24 00:00:00+00:00,152,Male,jaundies
545,KALASALINGAM HOSPITAL,2017-07-25 00:00:00+00:00,153,Female,colera
546,KALASALINGAM HOSPITAL,2017-07-26 00:00:00+00:00,153,Male,rashes
547,KALASALINGAM HOSPITAL,2017-07-27 00:00:00+00:00,151,Female,cold
548,KALASALINGAM HOSPITAL,2017-07-28 00:00:00+00:00,150,Male,fever
549,KALASALINGAM HOSPITAL,2017-07-31 00:00:00+00:00,149,Female,headache
550,KALASALINGAM HOSPITAL,2017-08-01 00:00:00+00:00,150,Male,jaundies
551,KALASALINGAM HOSPITAL,2017-08-02 00:00:00+00:00,157,Female,colera
552,KALASALINGAM HOSPITAL,2017-08-03 00:00:00+00:00,156,Male,cold
553,KALASALINGAM HOSPITAL,2017-08-04 00:00:00+00:00,156,Female,fever
554,KALASALINGAM HOSPITAL,2017-08-07 00:00:00+00:00,159,Male,headache
555,KALASALINGAM HOSPITAL,2017-08-08 00:00:00+00:00,160,Female,jaundies
556,KALASALINGAM HOSPITAL,2017-08-09 00:00:00+00:00,161,Male,colera
557,KALASALINGAM HOSPITAL,2017-08-10 00:00:00+00:00,155,Female,rashes
558,KALASALINGAM HOSPITAL,2017-08-11 00:00:00+00:00,157,Male,cold
559,KALASALINGAM HOSPITAL,2017-08-14 00:00:00+00:00,160,Female,fever
560,KALASALINGAM HOSPITAL,2017-08-15 00:00:00+00:00,162,Male,headache
561,KALASALINGAM HOSPITAL,2017-08-16 00:00:00+00:00,161,Female,jaundies
562,KALASALINGAM HOSPITAL,2017-08-17 00:00:00+00:00,158,Male,colera
563,KALASALINGAM HOSPITAL,2017-08-18 00:00:00+00:00,158,Female,rashes
564,KALASALINGAM HOSPITAL,2017-08-21 00:00:00+00:00,157,Male,cold
565,KALASALINGAM HOSPITAL,2017-08-22 00:00:00+00:00,160,Female,fever
566,KALASALINGAM HOSPITAL,2017-08-23 00:00:00+00:00,160,Male,headache
567,KALASALINGAM HOSPITAL,2017-08-24 00:00:00+00:00,159,Female,jaundies
568,KALASALINGAM HOSPITAL,2017-08-25 00:00:00+00:00,160,Male,colera
569,KALASALINGAM HOSPITAL,2017-08-28 00:00:00+00:00,161,Female,rashes
570,KALASALINGAM HOSPITAL,2017-08-29 00:00:00+00:00,163,Male,cold
571,KALASALINGAM HOSPITAL,2017-08-30 00:00:00+00:00,163,Female,fever
572,KALASALINGAM HOSPITAL,2017-08-31 00:00:00+00:00,164,Male,headache
573,KALASALINGAM HOSPITAL,2017-09-01 00:00:00+00:00,164,Female,jaundies
574,KALASALINGAM HOSPITAL,2017-09-05 00:00:00+00:00,162,Male,colera
575,KALASALINGAM HOSPITAL,2017-09-06 00:00:00+00:00,162,Female,cold
576,KALASALINGAM HOSPITAL,2017-09-07 00:00:00+00:00,161,Male,fever
577,KALASALINGAM HOSPITAL,2017-09-08 00:00:00+00:00,159,Female,headache
578,KALASALINGAM HOSPITAL,2017-09-11 00:00:00+00:00,162,Male,jaundies
579,KALASALINGAM HOSPITAL,2017-09-12 00:00:00+00:00,161,Female,colera
580,KALASALINGAM HOSPITAL,2017-09-13 00:00:00+00:00,160,Male,rashes
581,KALASALINGAM HOSPITAL,2017-09-14 00:00:00+00:00,158,Female,cold
582,KALASALINGAM HOSPITAL,2017-09-15 00:00:00+00:00,160,Male,fever
583,KALASALINGAM HOSPITAL,2017-09-18 00:00:00+00:00,159,Female,headache
584,KALASALINGAM HOSPITAL,2017-09-19 00:00:00+00:00,159,Male,jaundies
585,KALASALINGAM HOSPITAL,2017-09-20 00:00:00+00:00,156,Female,colera
586,KALASALINGAM HOSPITAL,2017-09-21 00:00:00+00:00,153,Male,rashes
587,KALASALINGAM HOSPITAL,2017-09-22 00:00:00+00:00,152,Female,cold
588,KALASALINGAM HOSPITAL,2017-09-25 00:00:00+00:00,151,Male,fever
589,KALASALINGAM HOSPITAL,2017-09-26 00:00:00+00:00,153,Female,headache
590,KALASALINGAM HOSPITAL,2017-09-27 00:00:00+00:00,154,Male,jaundies
591,KALASALINGAM HOSPITAL,2017-09-28 00:00:00+00:00,153,Female,colera
592,KALASALINGAM HOSPITAL,2017-09-29 00:00:00+00:00,154,Male,rashes
593,KALASALINGAM HOSPITAL,2017-10-02 00:00:00+00:00,154,Female,cold
594,KALASALINGAM HOSPITAL,2017-10-03 00:00:00+00:00,154,Male,fever
595,KALASALINGAM HOSPITAL,2017-10-04 00:00:00+00:00,153,Female,headache
596,KALASALINGAM HOSPITAL,2017-10-05 00:00:00+00:00,155,Male,jaundies
597,KALASALINGAM HOSPITAL,2017-10-06 00:00:00+00:00,155,Female,colera
598,KALASALINGAM HOSPITAL,2017-10-09 00:00:00+00:00,156,Male,cold
599,KALASALINGAM HOSPITAL,2017-10-10 00:00:00+00:00,156,Female,fever
600,KALASALINGAM HOSPITAL,2017-10-11 00:00:00+00:00,157,Male,headache
601,KALASALINGAM HOSPITAL,2017-10-12 00:00:00+00:00,156,Female,jaundies
602,KALASALINGAM HOSPITAL,2017-10-13 00:00:00+00:00,157,Male,colera
603,KALASALINGAM HOSPITAL,2017-10-16 00:00:00+00:00,160,Female,rashes
604,KALASALINGAM HOSPITAL,2017-10-17 00:00:00+00:00,160,Male,cold
605,KALASALINGAM HOSPITAL,2017-10-18 00:00:00+00:00,160,Female,fever
606,KALASALINGAM HOSPITAL,2017-10-19 00:00:00+00:00,156,Male,headache
607,KALASALINGAM HOSPITAL,2017-10-20 00:00:00+00:00,156,Female,jaundies
608,KALASALINGAM HOSPITAL,2017-10-23 00:00:00+00:00,156,Male,colera
609,KALASALINGAM HOSPITAL,2017-10-24 00:00:00+00:00,157,Female,rashes
610,KALASALINGAM HOSPITAL,2017-10-25 00:00:00+00:00,156,Male,cold
611,KALASALINGAM HOSPITAL,2017-10-26 00:00:00+00:00,157,Female,fever
612,KALASALINGAM HOSPITAL,2017-10-27 00:00:00+00:00,163,Male,headache
613,KALASALINGAM HOSPITAL,2017-10-30 00:00:00+00:00,167,Female,jaundies
614,KALASALINGAM HOSPITAL,2017-10-31 00:00:00+00:00,169,Male,colera
615,KALASALINGAM HOSPITAL,2017-11-01 00:00:00+00:00,167,Female,rashes
616,KALASALINGAM HOSPITAL,2017-11-02 00:00:00+00:00,168,Male,cold
617,KALASALINGAM HOSPITAL,2017-11-03 00:00:00+00:00,173,Female,fever
618,KALASALINGAM HOSPITAL,2017-11-06 00:00:00+00:00,174,Male,headache
619,KALASALINGAM HOSPITAL,2017-11-07 00:00:00+00:00,175,Female,jaundies
620,KALASALINGAM HOSPITAL,2017-11-08 00:00:00+00:00,176,Male,colera
621,KALASALINGAM HOSPITAL,2017-11-09 00:00:00+00:00,176,Female,cold
622,KALASALINGAM HOSPITAL,2017-11-10 00:00:00+00:00,175,Male,fever
623,KALASALINGAM HOSPITAL,2017-11-13 00:00:00+00:00,174,Female,headache
624,KALASALINGAM HOSPITAL,2017-11-14 00:00:00+00:00,171,Male,jaundies
625,KALASALINGAM HOSPITAL,2017-11-15 00:00:00+00:00,169,Female,colera
626,KALASALINGAM HOSPITAL,2017-11-16 00:00:00+00:00,171,Male,rashes
627,KALASALINGAM HOSPITAL,2017-11-17 00:00:00+00:00,170,Female,cold
628,KALASALINGAM HOSPITAL,2017-11-20 00:00:00+00:00,170,Male,fever
629,KALASALINGAM HOSPITAL,2017-11-21 00:00:00+00:00,173,Female,headache
630,KALASALINGAM HOSPITAL,2017-11-22 00:00:00+00:00,175,Male,jaundies
631,KALASALINGAM HOSPITAL,2017-11-24 00:00:00+00:00,175,Female,colera
632,KALASALINGAM HOSPITAL,2017-11-27 00:00:00+00:00,174,Male,rashes
633,KALASALINGAM HOSPITAL,2017-11-28 00:00:00+00:00,173,Female,cold
634,KALASALINGAM HOSPITAL,2017-11-29 00:00:00+00:00,169,Male,fever
635,KALASALINGAM HOSPITAL,2017-11-30 00:00:00+00:00,172,Female,headache
636,KALASALINGAM HOSPITAL,2017-12-01 00:00:00+00:00,171,Male,jaundies
637,KALASALINGAM HOSPITAL,2017-12-04 00:00:00+00:00,170,Female,colera
638,KALASALINGAM HOSPITAL,2017-12-05 00:00:00+00:00,170,Male,rashes
639,KALASALINGAM HOSPITAL,2017-12-06 00:00:00+00:00,169,Female,cold
640,KALASALINGAM HOSPITAL,2017-12-07 00:00:00+00:00,169,Male,fever
641,KALASALINGAM HOSPITAL,2017-12-08 00:00:00+00:00,169,Female,headache
642,KALASALINGAM HOSPITAL,2017-12-11 00:00:00+00:00,173,Male,jaundies
643,KALASALINGAM HOSPITAL,2017-12-12 00:00:00+00:00,172,Female,colera
644,KALASALINGAM HOSPITAL,2017-12-13 00:00:00+00:00,172,Male,cold
645,KALASALINGAM HOSPITAL,2017-12-14 00:00:00+00:00,172,Female,fever
646,KALASALINGAM HOSPITAL,2017-12-15 00:00:00+00:00,174,Male,headache
647,KALASALINGAM HOSPITAL,2017-12-18 00:00:00+00:00,176,Female,jaundies
648,KALASALINGAM HOSPITAL,2017-12-19 00:00:00+00:00,175,Male,colera
649,KALASALINGAM HOSPITAL,2017-12-20 00:00:00+00:00,174,Female,rashes
650,KALASALINGAM HOSPITAL,2017-12-21 00:00:00+00:00,175,Male,cold
651,KALASALINGAM HOSPITAL,2017-12-22 00:00:00+00:00,175,Female,fever
652,KALASALINGAM HOSPITAL,2017-12-26 00:00:00+00:00,171,Male,headache
653,KALASALINGAM HOSPITAL,2017-12-27 00:00:00+00:00,171,Female,jaundies
654,KALASALINGAM HOSPITAL,2017-12-28 00:00:00+00:00,171,Male,colera
655,KALASALINGAM HOSPITAL,2017-12-29 00:00:00+00:00,169,Female,rashes
656,KALASALINGAM HOSPITAL,2018-01-02 00:00:00+00:00,172,Male,cold
657,KALASALINGAM HOSPITAL,2018-01-03 00:00:00+00:00,172,Female,fever
658,KALASALINGAM HOSPITAL,2018-01-04 00:00:00+00:00,173,Male,headache
659,KALASALINGAM HOSPITAL,2018-01-05 00:00:00+00:00,175,Female,jaundies
660,KALASALINGAM HOSPITAL,2018-01-08 00:00:00+00:00,174,Male,colera
661,KALASALINGAM HOSPITAL,2018-01-09 00:00:00+00:00,174,Female,rashes
662,KALASALINGAM HOSPITAL,2018-01-10 00:00:00+00:00,174,Male,cold
663,KALASALINGAM HOSPITAL,2018-01-11 00:00:00+00:00,175,Female,fever
664,KALASALINGAM HOSPITAL,2018-01-12 00:00:00+00:00,177,Male,headache
665,KALASALINGAM HOSPITAL,2018-01-16 00:00:00+00:00,176,Female,jaundies
666,KALASALINGAM HOSPITAL,2018-01-17 00:00:00+00:00,179,Male,colera
667,KALASALINGAM HOSPITAL,2018-01-18 00:00:00+00:00,179,Female,cold
668,KALASALINGAM HOSPITAL,2018-01-19 00:00:00+00:00,178,Male,fever
669,KALASALINGAM HOSPITAL,2018-01-22 00:00:00+00:00,177,Female,headache
670,KALASALINGAM HOSPITAL,2018-01-23 00:00:00+00:00,177,Male,jaundies
671,KALASALINGAM HOSPITAL,2018-01-24 00:00:00+00:00,174,Female,colera
672,KALASALINGAM HOSPITAL,2018-01-25 00:00:00+00:00,171,Male,rashes
673,KALASALINGAM HOSPITAL,2018-01-26 00:00:00+00:00,172,Female,cold
674,KALASALINGAM HOSPITAL,2018-01-29 00:00:00+00:00,168,Male,fever
675,KALASALINGAM HOSPITAL,2018-01-30 00:00:00+00:00,167,Female,headache
676,KALASALINGAM HOSPITAL,2018-01-31 00:00:00+00:00,167,Male,jaundies
677,KALASALINGAM HOSPITAL,2018-02-01 00:00:00+00:00,168,Female,colera
678,KALASALINGAM HOSPITAL,2018-02-02 00:00:00+00:00,161,Male,rashes
679,KALASALINGAM HOSPITAL,2018-02-05 00:00:00+00:00,156,Female,cold
680,KALASALINGAM HOSPITAL,2018-02-06 00:00:00+00:00,163,Male,fever
681,KALASALINGAM HOSPITAL,2018-02-07 00:00:00+00:00,160,Female,headache
682,KALASALINGAM HOSPITAL,2018-02-08 00:00:00+00:00,155,Male,jaundies
683,KALASALINGAM HOSPITAL,2018-02-09 00:00:00+00:00,156,Female,colera
684,KALASALINGAM HOSPITAL,2018-02-12 00:00:00+00:00,163,Male,rashes
685,KALASALINGAM HOSPITAL,2018-02-13 00:00:00+00:00,164,Female,cold
686,KALASALINGAM HOSPITAL,2018-02-14 00:00:00+00:00,167,Male,fever
687,KALASALINGAM HOSPITAL,2018-02-15 00:00:00+00:00,173,Female,headache
688,KALASALINGAM HOSPITAL,2018-02-16 00:00:00+00:00,172,Male,jaundies
689,KALASALINGAM HOSPITAL,2018-02-20 00:00:00+00:00,172,Female,colera
690,KALASALINGAM HOSPITAL,2018-02-21 00:00:00+00:00,171,Male,cold
691,KALASALINGAM HOSPITAL,2018-02-22 00:00:00+00:00,173,Female,fever
692,KALASALINGAM HOSPITAL,2018-02-23 00:00:00+00:00,176,Male,headache
693,KALASALINGAM HOSPITAL,2018-02-26 00:00:00+00:00,179,Female,jaundies
694,KALASALINGAM HOSPITAL,2018-02-27 00:00:00+00:00,178,Male,colera
695,KALASALINGAM HOSPITAL,2018-02-28 00:00:00+00:00,178,Female,rashes
696,KALASALINGAM HOSPITAL,2018-03-01 00:00:00+00:00,175,Male,cold
697,KALASALINGAM HOSPITAL,2018-03-02 00:00:00+00:00,176,Female,fever
698,KALASALINGAM HOSPITAL,2018-03-05 00:00:00+00:00,177,Male,headache
699,KALASALINGAM HOSPITAL,2018-03-06 00:00:00+00:00,177,Female,jaundies
700,KALASALINGAM HOSPITAL,2018-03-07 00:00:00+00:00,175,Male,colera
701,KALASALINGAM HOSPITAL,2018-03-08 00:00:00+00:00,177,Female,rashes
702,KALASALINGAM HOSPITAL,2018-03-09 00:00:00+00:00,180,Male,cold
703,KALASALINGAM HOSPITAL,2018-03-12 00:00:00+00:00,182,Female,fever
704,KALASALINGAM HOSPITAL,2018-03-13 00:00:00+00:00,180,Male,headache
705,KALASALINGAM HOSPITAL,2018-03-14 00:00:00+00:00,178,Female,jaundies
706,KALASALINGAM HOSPITAL,2018-03-15 00:00:00+00:00,179,Male,colera
707,KALASALINGAM HOSPITAL,2018-03-16 00:00:00+00:00,178,Female,rashes
708,KALASALINGAM HOSPITAL,2018-03-19 00:00:00+00:00,175,Male,cold
709,KALASALINGAM HOSPITAL,2018-03-20 00:00:00+00:00,175,Female,fever
710,KALASALINGAM HOSPITAL,2018-03-21 00:00:00+00:00,171,Male,headache
711,KALASALINGAM HOSPITAL,2018-03-22 00:00:00+00:00,169,Female,jaundies
712,KALASALINGAM HOSPITAL,2018-03-23 00:00:00+00:00,165,Male,colera
713,KALASALINGAM HOSPITAL,2018-03-26 00:00:00+00:00,173,Female,cold
714,KALASALINGAM HOSPITAL,2018-03-27 00:00:00+00:00,168,Male,fever
715,KALASALINGAM HOSPITAL,2018-03-28 00:00:00+00:00,166,Female,headache
716,KALASALINGAM HOSPITAL,2018-03-29 00:00:00+00:00,168,Male,jaundies
717,KALASALINGAM HOSPITAL,2018-04-02 00:00:00+00:00,167,Female,colera
718,KALASALINGAM HOSPITAL,2018-04-03 00:00:00+00:00,168,Male,rashes
719,KALASALINGAM HOSPITAL,2018-04-04 00:00:00+00:00,172,Female,cold
720,KALASALINGAM HOSPITAL,2018-04-05 00:00:00+00:00,173,Male,fever
721,KALASALINGAM HOSPITAL,2018-04-06 00:00:00+00:00,168,Female,headache
722,KALASALINGAM HOSPITAL,2018-04-09 00:00:00+00:00,170,Male,jaundies
723,KALASALINGAM HOSPITAL,2018-04-10 00:00:00+00:00,173,Female,colera
724,KALASALINGAM HOSPITAL,2018-04-11 00:00:00+00:00,172,Male,rashes
725,KALASALINGAM HOSPITAL,2018-04-12 00:00:00+00:00,174,Female,cold
726,KALASALINGAM HOSPITAL,2018-04-13 00:00:00+00:00,175,Male,fever
727,KALASALINGAM HOSPITAL,2018-04-16 00:00:00+00:00,176,Female,headache
728,KALASALINGAM HOSPITAL,2018-04-17 00:00:00+00:00,178,Male,jaundies
729,KALASALINGAM HOSPITAL,2018-04-18 00:00:00+00:00,178,Female,colera
730,KALASALINGAM HOSPITAL,2018-04-19 00:00:00+00:00,173,Male,rashes
731,KALASALINGAM HOSPITAL,2018-04-20 00:00:00+00:00,166,Female,cold
732,KALASALINGAM HOSPITAL,2018-04-23 00:00:00+00:00,165,Male,fever
733,KALASALINGAM HOSPITAL,2018-04-24 00:00:00+00:00,163,Female,headache
734,KALASALINGAM HOSPITAL,2018-04-25 00:00:00+00:00,164,Male,jaundies
735,KALASALINGAM HOSPITAL,2018-04-26 00:00:00+00:00,164,Female,colera
736,KALASALINGAM HOSPITAL,2018-04-27 00:00:00+00:00,162,Male,cold
737,KALASALINGAM HOSPITAL,2018-04-30 00:00:00+00:00,165,Female,fever
738,KALASALINGAM HOSPITAL,2018-05-01 00:00:00+00:00,169,Male,headache
739,KALASALINGAM HOSPITAL,2018-05-02 00:00:00+00:00,177,Female,jaundies
740,KALASALINGAM HOSPITAL,2018-05-03 00:00:00+00:00,177,Male,colera
741,KALASALINGAM HOSPITAL,2018-05-04 00:00:00+00:00,184,Female,rashes
742,KALASALINGAM HOSPITAL,2018-05-07 00:00:00+00:00,185,Male,cold
743,KALASALINGAM HOSPITAL,2018-05-08 00:00:00+00:00,186,Female,fever
744,KALASALINGAM HOSPITAL,2018-05-09 00:00:00+00:00,187,Male,headache
745,KALASALINGAM HOSPITAL,2018-05-10 00:00:00+00:00,190,Female,jaundies
746,KALASALINGAM HOSPITAL,2018-05-11 00:00:00+00:00,189,Male,colera
747,KALASALINGAM HOSPITAL,2018-05-14 00:00:00+00:00,188,Female,rashes
748,KALASALINGAM HOSPITAL,2018-05-15 00:00:00+00:00,186,Male,cold
749,KALASALINGAM HOSPITAL,2018-05-16 00:00:00+00:00,188,Female,fever
750,KALASALINGAM HOSPITAL,2018-05-17 00:00:00+00:00,187,Male,headache
751,KALASALINGAM HOSPITAL,2018-05-18 00:00:00+00:00,186,Female,jaundies
752,KALASALINGAM HOSPITAL,2018-05-21 00:00:00+00:00,188,Male,colera
753,KALASALINGAM HOSPITAL,2018-05-22 00:00:00+00:00,187,Female,rashes
754,KALASALINGAM HOSPITAL,2018-05-23 00:00:00+00:00,188,Male,cold
755,KALASALINGAM HOSPITAL,2018-05-24 00:00:00+00:00,188,Female,fever
756,KALASALINGAM HOSPITAL,2018-05-25 00:00:00+00:00,189,Male,headache
757,KALASALINGAM HOSPITAL,2018-05-29 00:00:00+00:00,188,Female,jaundies
758,KALASALINGAM HOSPITAL,2018-05-30 00:00:00+00:00,188,Male,colera
759,KALASALINGAM HOSPITAL,2018-05-31 00:00:00+00:00,187,Female,cold
760,KALASALINGAM HOSPITAL,2018-06-01 00:00:00+00:00,190,Male,fever
761,KALASALINGAM HOSPITAL,2018-06-04 00:00:00+00:00,192,Female,headache
762,KALASALINGAM HOSPITAL,2018-06-05 00:00:00+00:00,193,Male,jaundies
763,KALASALINGAM HOSPITAL,2018-06-06 00:00:00+00:00,194,Female,colera
764,KALASALINGAM HOSPITAL,2018-06-07 00:00:00+00:00,193,Male,rashes
765,KALASALINGAM HOSPITAL,2018-06-08 00:00:00+00:00,192,Female,cold
766,KALASALINGAM HOSPITAL,2018-06-11 00:00:00+00:00,191,Male,fever
767,KALASALINGAM HOSPITAL,2018-06-12 00:00:00+00:00,192,Female,headache
768,KALASALINGAM HOSPITAL,2018-06-13 00:00:00+00:00,191,Male,jaundies
769,KALASALINGAM HOSPITAL,2018-06-14 00:00:00+00:00,191,Female,colera
770,KALASALINGAM HOSPITAL,2018-06-15 00:00:00+00:00,189,Male,rashes
771,KALASALINGAM HOSPITAL,2018-06-18 00:00:00+00:00,189,Female,cold
772,KALASALINGAM HOSPITAL,2018-06-19 00:00:00+00:00,186,Male,fever
773,KALASALINGAM HOSPITAL,2018-06-20 00:00:00+00:00,187,Female,headache
774,KALASALINGAM HOSPITAL,2018-06-21 00:00:00+00:00,185,Male,jaundies
775,KALASALINGAM HOSPITAL,2018-06-22 00:00:00+00:00,185,Female,colera
776,KALASALINGAM HOSPITAL,2018-06-25 00:00:00+00:00,182,Male,rashes
777,KALASALINGAM HOSPITAL,2018-06-26 00:00:00+00:00,184,Female,cold
778,KALASALINGAM HOSPITAL,2018-06-27 00:00:00+00:00,184,Male,fever
779,KALASALINGAM HOSPITAL,2018-06-28 00:00:00+00:00,186,Female,headache
780,KALASALINGAM HOSPITAL,2018-06-29 00:00:00+00:00,185,Male,jaundies
781,KALASALINGAM HOSPITAL,2018-07-02 00:00:00+00:00,187,Female,colera
782,KALASALINGAM HOSPITAL,2018-07-03 00:00:00+00:00,184,Male,cold
783,KALASALINGAM HOSPITAL,2018-07-05 00:00:00+00:00,185,Female,fever
784,KALASALINGAM HOSPITAL,2018-07-06 00:00:00+00:00,188,Male,headache
785,KALASALINGAM HOSPITAL,2018-07-09 00:00:00+00:00,191,Female,jaundies
786,KALASALINGAM HOSPITAL,2018-07-10 00:00:00+00:00,190,Male,colera
787,KALASALINGAM HOSPITAL,2018-07-11 00:00:00+00:00,188,Female,rashes
788,KALASALINGAM HOSPITAL,2018-07-12 00:00:00+00:00,191,Male,cold
789,KALASALINGAM HOSPITAL,2018-07-13 00:00:00+00:00,191,Female,fever
790,KALASALINGAM HOSPITAL,2018-07-16 00:00:00+00:00,191,Male,headache
791,KALASALINGAM HOSPITAL,2018-07-17 00:00:00+00:00,191,Female,jaundies
792,KALASALINGAM HOSPITAL,2018-07-18 00:00:00+00:00,190,Male,colera
793,KALASALINGAM HOSPITAL,2018-07-19 00:00:00+00:00,192,Female,rashes
794,KALASALINGAM HOSPITAL,2018-07-20 00:00:00+00:00,191,Male,cold
795,KALASALINGAM HOSPITAL,2018-07-23 00:00:00+00:00,192,Female,fever
796,KALASALINGAM HOSPITAL,2018-07-24 00:00:00+00:00,193,Male,headache
797,KALASALINGAM HOSPITAL,2018-07-25 00:00:00+00:00,195,Female,jaundies
798,KALASALINGAM HOSPITAL,2018-07-26 00:00:00+00:00,194,Male,colera
799,KALASALINGAM HOSPITAL,2018-07-27 00:00:00+00:00,191,Female,rashes
800,KALASALINGAM HOSPITAL,2018-07-30 00:00:00+00:00,190,Male,cold
801,KALASALINGAM HOSPITAL,2018-07-31 00:00:00+00:00,190,Female,fever
802,KALASALINGAM HOSPITAL,2018-08-01 00:00:00+00:00,202,Male,headache
803,KALASALINGAM HOSPITAL,2018-08-02 00:00:00+00:00,207,Female,jaundies
804,KALASALINGAM HOSPITAL,2018-08-03 00:00:00+00:00,208,Male,colera
805,KALASALINGAM HOSPITAL,2018-08-06 00:00:00+00:00,209,Female,cold
806,KALASALINGAM HOSPITAL,2018-08-07 00:00:00+00:00,207,Male,fever
807,KALASALINGAM HOSPITAL,2018-08-08 00:00:00+00:00,207,Female,headache
808,KALASALINGAM HOSPITAL,2018-08-09 00:00:00+00:00,209,Male,jaundies
809,KALASALINGAM HOSPITAL,2018-08-10 00:00:00+00:00,208,Female,colera
810,KALASALINGAM HOSPITAL,2018-08-13 00:00:00+00:00,209,Male,rashes
811,KALASALINGAM HOSPITAL,2018-08-14 00:00:00+00:00,210,Female,cold
812,KALASALINGAM HOSPITAL,2018-08-15 00:00:00+00:00,210,Male,fever
813,KALASALINGAM HOSPITAL,2018-08-16 00:00:00+00:00,213,Female,headache
814,KALASALINGAM HOSPITAL,2018-08-17 00:00:00+00:00,218,Male,jaundies
815,KALASALINGAM HOSPITAL,2018-08-20 00:00:00+00:00,215,Female,colera
816,KALASALINGAM HOSPITAL,2018-08-21 00:00:00+00:00,215,Male,rashes
817,KALASALINGAM HOSPITAL,2018-08-22 00:00:00+00:00,215,Female,cold
818,KALASALINGAM HOSPITAL,2018-08-23 00:00:00+00:00,215,Male,fever
819,KALASALINGAM HOSPITAL,2018-08-24 00:00:00+00:00,216,Female,headache
820,KALASALINGAM HOSPITAL,2018-08-27 00:00:00+00:00,218,Male,jaundies
821,KALASALINGAM HOSPITAL,2018-08-28 00:00:00+00:00,220,Female,colera
822,KALASALINGAM HOSPITAL,2018-08-29 00:00:00+00:00,223,Male,rashes
823,KALASALINGAM HOSPITAL,2018-08-30 00:00:00+00:00,225,Female,cold
824,KALASALINGAM HOSPITAL,2018-08-31 00:00:00+00:00,228,Male,fever
825,KALASALINGAM HOSPITAL,2018-09-04 00:00:00+00:00,228,Female,headache
826,KALASALINGAM HOSPITAL,2018-09-05 00:00:00+00:00,227,Male,jaundies
827,KALASALINGAM HOSPITAL,2018-09-06 00:00:00+00:00,223,Female,colera
828,KALASALINGAM HOSPITAL,2018-09-07 00:00:00+00:00,221,Male,cold
829,KALASALINGAM HOSPITAL,2018-09-10 00:00:00+00:00,218,Female,fever
830,KALASALINGAM HOSPITAL,2018-09-11 00:00:00+00:00,224,Male,headache
831,KALASALINGAM HOSPITAL,2018-09-12 00:00:00+00:00,221,Female,jaundies
832,KALASALINGAM HOSPITAL,2018-09-13 00:00:00+00:00,226,Male,colera
833,KALASALINGAM HOSPITAL,2018-09-14 00:00:00+00:00,224,Female,rashes
834,KALASALINGAM HOSPITAL,2018-09-17 00:00:00+00:00,218,Male,cold
835,KALASALINGAM HOSPITAL,2018-09-18 00:00:00+00:00,218,Female,fever
836,KALASALINGAM HOSPITAL,2018-09-19 00:00:00+00:00,218,Male,headache
837,KALASALINGAM HOSPITAL,2018-09-20 00:00:00+00:00,220,Female,jaundies
838,KALASALINGAM HOSPITAL,2018-09-21 00:00:00+00:00,218,Male,colera
839,KALASALINGAM HOSPITAL,2018-09-24 00:00:00+00:00,221,Female,rashes
840,KALASALINGAM HOSPITAL,2018-09-25 00:00:00+00:00,222,Male,cold
841,KALASALINGAM HOSPITAL,2018-09-26 00:00:00+00:00,220,Female,fever
842,KALASALINGAM HOSPITAL,2018-09-27 00:00:00+00:00,225,Male,headache
843,KALASALINGAM HOSPITAL,2018-09-28 00:00:00+00:00,226,Female,jaundies
844,KALASALINGAM HOSPITAL,2018-10-01 00:00:00+00:00,227,Male,colera
845,KALASALINGAM HOSPITAL,2018-10-02 00:00:00+00:00,229,Female,rashes
846,KALASALINGAM HOSPITAL,2018-10-03 00:00:00+00:00,232,Male,cold
847,KALASALINGAM HOSPITAL,2018-10-04 00:00:00+00:00,228,Female,fever
848,KALASALINGAM HOSPITAL,2018-10-05 00:00:00+00:00,224,Male,headache
849,KALASALINGAM HOSPITAL,2018-10-08 00:00:00+00:00,224,Female,jaundies
850,KALASALINGAM HOSPITAL,2018-10-09 00:00:00+00:00,227,Male,colera
851,KALASALINGAM HOSPITAL,2018-10-10 00:00:00+00:00,216,Female,cold
852,KALASALINGAM HOSPITAL,2018-10-11 00:00:00+00:00,214,Male,fever
853,KALASALINGAM HOSPITAL,2018-10-12 00:00:00+00:00,222,Female,headache
854,KALASALINGAM HOSPITAL,2018-10-15 00:00:00+00:00,217,Male,jaundies
855,KALASALINGAM HOSPITAL,2018-10-16 00:00:00+00:00,222,Female,colera
856,KALASALINGAM HOSPITAL,2018-10-17 00:00:00+00:00,221,Male,rashes
857,KALASALINGAM HOSPITAL,2018-10-18 00:00:00+00:00,216,Female,cold
858,KALASALINGAM HOSPITAL,2018-10-19 00:00:00+00:00,219,Male,fever
859,KALASALINGAM HOSPITAL,2018-10-22 00:00:00+00:00,221,Female,headache
860,KALASALINGAM HOSPITAL,2018-10-23 00:00:00+00:00,223,Male,jaundies
861,KALASALINGAM HOSPITAL,2018-10-24 00:00:00+00:00,215,Female,colera
862,KALASALINGAM HOSPITAL,2018-10-25 00:00:00+00:00,220,Male,rashes
863,KALASALINGAM HOSPITAL,2018-10-26 00:00:00+00:00,216,Female,cold
864,KALASALINGAM HOSPITAL,2018-10-29 00:00:00+00:00,212,Male,fever
865,KALASALINGAM HOSPITAL,2018-10-30 00:00:00+00:00,213,Female,headache
866,KALASALINGAM HOSPITAL,2018-10-31 00:00:00+00:00,219,Male,jaundies
867,KALASALINGAM HOSPITAL,2018-11-01 00:00:00+00:00,222,Female,colera
868,KALASALINGAM HOSPITAL,2018-11-02 00:00:00+00:00,207,Male,rashes
869,KALASALINGAM HOSPITAL,2018-11-05 00:00:00+00:00,202,Female,cold
870,KALASALINGAM HOSPITAL,2018-11-06 00:00:00+00:00,204,Male,fever
871,KALASALINGAM HOSPITAL,2018-11-07 00:00:00+00:00,210,Female,headache
872,KALASALINGAM HOSPITAL,2018-11-08 00:00:00+00:00,208,Male,jaundies
873,KALASALINGAM HOSPITAL,2018-11-09 00:00:00+00:00,204,Female,colera
874,KALASALINGAM HOSPITAL,2018-11-12 00:00:00+00:00,194,Male,cold
875,KALASALINGAM HOSPITAL,2018-11-13 00:00:00+00:00,192,Female,fever
876,KALASALINGAM HOSPITAL,2018-11-14 00:00:00+00:00,187,Male,headache
877,KALASALINGAM HOSPITAL,2018-11-15 00:00:00+00:00,191,Female,jaundies
878,KALASALINGAM HOSPITAL,2018-11-16 00:00:00+00:00,194,Male,colera
879,KALASALINGAM HOSPITAL,2018-11-19 00:00:00+00:00,186,Female,rashes
880,KALASALINGAM HOSPITAL,2018-11-20 00:00:00+00:00,177,Male,cold
881,KALASALINGAM HOSPITAL,2018-11-21 00:00:00+00:00,177,Female,fever
882,KALASALINGAM HOSPITAL,2018-11-23 00:00:00+00:00,172,Male,headache
883,KALASALINGAM HOSPITAL,2018-11-26 00:00:00+00:00,175,Female,jaundies
884,KALASALINGAM HOSPITAL,2018-11-27 00:00:00+00:00,174,Male,colera
885,KALASALINGAM HOSPITAL,2018-11-28 00:00:00+00:00,181,Female,rashes
886,KALASALINGAM HOSPITAL,2018-11-29 00:00:00+00:00,180,Male,cold
887,KALASALINGAM HOSPITAL,2018-11-30 00:00:00+00:00,179,Female,fever
888,KALASALINGAM HOSPITAL,2018-12-03 00:00:00+00:00,185,Male,headache
889,KALASALINGAM HOSPITAL,2018-12-04 00:00:00+00:00,177,Female,jaundies
890,KALASALINGAM HOSPITAL,2018-12-06 00:00:00+00:00,175,Male,colera
891,KALASALINGAM HOSPITAL,2018-12-07 00:00:00+00:00,168,Female,rashes
892,KALASALINGAM HOSPITAL,2018-12-10 00:00:00+00:00,170,Male,cold
893,KALASALINGAM HOSPITAL,2018-12-11 00:00:00+00:00,169,Female,fever
894,KALASALINGAM HOSPITAL,2018-12-12 00:00:00+00:00,169,Male,headache
895,KALASALINGAM HOSPITAL,2018-12-13 00:00:00+00:00,171,Female,jaundies
896,KALASALINGAM HOSPITAL,2018-12-14 00:00:00+00:00,165,Male,colera
897,KALASALINGAM HOSPITAL,2018-12-17 00:00:00+00:00,164,Female,cold
898,KALASALINGAM HOSPITAL,2018-12-18 00:00:00+00:00,166,Male,fever
899,KALASALINGAM HOSPITAL,2018-12-19 00:00:00+00:00,161,Female,headache
900,KALASALINGAM HOSPITAL,2018-12-20 00:00:00+00:00,157,Male,jaundies
901,KALASALINGAM HOSPITAL,2018-12-21 00:00:00+00:00,151,Female,colera
902,KALASALINGAM HOSPITAL,2018-12-24 00:00:00+00:00,147,Male,rashes
903,KALASALINGAM HOSPITAL,2018-12-26 00:00:00+00:00,157,Female,cold
904,KALASALINGAM HOSPITAL,2018-12-27 00:00:00+00:00,156,Male,fever
905,KALASALINGAM HOSPITAL,2018-12-28 00:00:00+00:00,156,Female,headache
906,KALASALINGAM HOSPITAL,2018-12-31 00:00:00+00:00,158,Male,jaundies
907,KALASALINGAM HOSPITAL,2019-01-02 00:00:00+00:00,158,Female,colera
908,KALASALINGAM HOSPITAL,2019-01-03 00:00:00+00:00,142,Male,rashes
909,KALASALINGAM HOSPITAL,2019-01-04 00:00:00+00:00,148,Female,cold
910,KALASALINGAM HOSPITAL,2019-01-07 00:00:00+00:00,148,Male,fever
911,KALASALINGAM HOSPITAL,2019-01-08 00:00:00+00:00,151,Female,headache
912,KALASALINGAM HOSPITAL,2019-01-09 00:00:00+00:00,153,Male,jaundies
913,KALASALINGAM HOSPITAL,2019-01-10 00:00:00+00:00,154,Female,colera
914,KALASALINGAM HOSPITAL,2019-01-11 00:00:00+00:00,152,Male,rashes
915,KALASALINGAM HOSPITAL,2019-01-14 00:00:00+00:00,150,Female,cold
916,KALASALINGAM HOSPITAL,2019-01-15 00:00:00+00:00,153,Male,fever
917,KALASALINGAM HOSPITAL,2019-01-16 00:00:00+00:00,155,Female,headache
918,KALASALINGAM HOSPITAL,2019-01-17 00:00:00+00:00,156,Male,jaundies
919,KALASALINGAM HOSPITAL,2019-01-18 00:00:00+00:00,157,Female,colera
920,KALASALINGAM HOSPITAL,2019-01-22 00:00:00+00:00,153,Male,cold
921,KALASALINGAM HOSPITAL,2019-01-23 00:00:00+00:00,154,Female,fever
922,KALASALINGAM HOSPITAL,2019-01-24 00:00:00+00:00,153,Male,headache
923,KALASALINGAM HOSPITAL,2019-01-25 00:00:00+00:00,158,Female,jaundies
924,KALASALINGAM HOSPITAL,2019-01-28 00:00:00+00:00,156,Male,colera
925,KALASALINGAM HOSPITAL,2019-01-29 00:00:00+00:00,155,Female,rashes
926,KALASALINGAM HOSPITAL,2019-01-30 00:00:00+00:00,165,Male,cold
927,KALASALINGAM HOSPITAL,2019-01-31 00:00:00+00:00,166,Female,fever
928,KALASALINGAM HOSPITAL,2019-02-01 00:00:00+00:00,167,Male,headache
929,KALASALINGAM HOSPITAL,2019-02-04 00:00:00+00:00,171,Female,jaundies
930,KALASALINGAM HOSPITAL,2019-02-05 00:00:00+00:00,174,Male,colera
931,KALASALINGAM HOSPITAL,2019-02-06 00:00:00+00:00,174,Female,rashes
932,KALASALINGAM HOSPITAL,2019-02-07 00:00:00+00:00,171,Male,cold
933,KALASALINGAM HOSPITAL,2019-02-08 00:00:00+00:00,170,Female,fever
934,KALASALINGAM HOSPITAL,2019-02-11 00:00:00+00:00,169,Male,headache
935,KALASALINGAM HOSPITAL,2019-02-12 00:00:00+00:00,171,Female,jaundies
936,KALASALINGAM HOSPITAL,2019-02-13 00:00:00+00:00,170,Male,colera
937,KALASALINGAM HOSPITAL,2019-02-14 00:00:00+00:00,171,Female,rashes
938,KALASALINGAM HOSPITAL,2019-02-15 00:00:00+00:00,170,Male,cold
939,KALASALINGAM HOSPITAL,2019-02-19 00:00:00+00:00,171,Female,fever
940,KALASALINGAM HOSPITAL,2019-02-20 00:00:00+00:00,172,Male,headache
941,KALASALINGAM HOSPITAL,2019-02-21 00:00:00+00:00,171,Female,jaundies
942,KALASALINGAM HOSPITAL,2019-02-22 00:00:00+00:00,173,Male,colera
943,KALASALINGAM HOSPITAL,2019-02-25 00:00:00+00:00,174,Female,cold
944,KALASALINGAM HOSPITAL,2019-02-26 00:00:00+00:00,174,Male,fever
945,KALASALINGAM HOSPITAL,2019-02-27 00:00:00+00:00,175,Female,headache
946,KALASALINGAM HOSPITAL,2019-02-28 00:00:00+00:00,173,Male,jaundies
947,KALASALINGAM HOSPITAL,2019-03-01 00:00:00+00:00,175,Female,colera
948,KALASALINGAM HOSPITAL,2019-03-04 00:00:00+00:00,176,Male,rashes
949,KALASALINGAM HOSPITAL,2019-03-05 00:00:00+00:00,176,Female,cold
950,KALASALINGAM HOSPITAL,2019-03-06 00:00:00+00:00,175,Male,fever
951,KALASALINGAM HOSPITAL,2019-03-07 00:00:00+00:00,173,Female,headache
952,KALASALINGAM HOSPITAL,2019-03-08 00:00:00+00:00,173,Male,jaundies
953,KALASALINGAM HOSPITAL,2019-03-11 00:00:00+00:00,179,Female,colera
954,KALASALINGAM HOSPITAL,2019-03-12 00:00:00+00:00,181,Male,rashes
955,KALASALINGAM HOSPITAL,2019-03-13 00:00:00+00:00,182,Female,cold
956,KALASALINGAM HOSPITAL,2019-03-14 00:00:00+00:00,184,Male,fever
957,KALASALINGAM HOSPITAL,2019-03-15 00:00:00+00:00,186,Female,headache
958,KALASALINGAM HOSPITAL,2019-03-18 00:00:00+00:00,188,Male,jaundies
959,KALASALINGAM HOSPITAL,2019-03-19 00:00:00+00:00,187,Female,colera
960,KALASALINGAM HOSPITAL,2019-03-20 00:00:00+00:00,188,Male,rashes
961,KALASALINGAM HOSPITAL,2019-03-21 00:00:00+00:00,195,Female,cold
962,KALASALINGAM HOSPITAL,2019-03-22 00:00:00+00:00,191,Male,fever
963,KALASALINGAM HOSPITAL,2019-03-25 00:00:00+00:00,189,Female,headache
964,KALASALINGAM HOSPITAL,2019-03-26 00:00:00+00:00,187,Male,jaundies
965,KALASALINGAM HOSPITAL,2019-03-27 00:00:00+00:00,188,Female,colera
966,KALASALINGAM HOSPITAL,2019-03-28 00:00:00+00:00,189,Male,cold
967,KALASALINGAM HOSPITAL,2019-03-29 00:00:00+00:00,190,Female,fever
968,KALASALINGAM HOSPITAL,2019-04-01 00:00:00+00:00,191,Male,headache
969,KALASALINGAM HOSPITAL,2019-04-02 00:00:00+00:00,194,Female,jaundies
970,KALASALINGAM HOSPITAL,2019-04-03 00:00:00+00:00,195,Male,colera
971,KALASALINGAM HOSPITAL,2019-04-04 00:00:00+00:00,196,Female,rashes
972,KALASALINGAM HOSPITAL,2019-04-05 00:00:00+00:00,197,Male,cold
973,KALASALINGAM HOSPITAL,2019-04-08 00:00:00+00:00,200,Female,fever
974,KALASALINGAM HOSPITAL,2019-04-09 00:00:00+00:00,200,Male,headache
975,KALASALINGAM HOSPITAL,2019-04-10 00:00:00+00:00,201,Female,jaundies
976,KALASALINGAM HOSPITAL,2019-04-11 00:00:00+00:00,199,Male,colera
977,KALASALINGAM HOSPITAL,2019-04-12 00:00:00+00:00,199,Female,rashes
978,KALASALINGAM HOSPITAL,2019-04-15 00:00:00+00:00,199,Male,cold
979,KALASALINGAM HOSPITAL,2019-04-16 00:00:00+00:00,199,Female,fever
980,KALASALINGAM HOSPITAL,2019-04-17 00:00:00+00:00,203,Male,headache
981,KALASALINGAM HOSPITAL,2019-04-18 00:00:00+00:00,204,Female,jaundies
982,KALASALINGAM HOSPITAL,2019-04-22 00:00:00+00:00,205,Male,colera
983,KALASALINGAM HOSPITAL,2019-04-23 00:00:00+00:00,207,Female,rashes
984,KALASALINGAM HOSPITAL,2019-04-24 00:00:00+00:00,207,Male,cold
985,KALASALINGAM HOSPITAL,2019-04-25 00:00:00+00:00,205,Female,fever
986,KALASALINGAM HOSPITAL,2019-04-26 00:00:00+00:00,204,Male,headache
987,KALASALINGAM HOSPITAL,2019-04-29 00:00:00+00:00,205,Female,jaundies
988,KALASALINGAM HOSPITAL,2019-04-30 00:00:00+00:00,201,Male,colera
989,KALASALINGAM HOSPITAL,2019-05-01 00:00:00+00:00,211,Female,cold
990,KALASALINGAM HOSPITAL,2019-05-02 00:00:00+00:00,209,Male,fever
991,KALASALINGAM HOSPITAL,2019-05-03 00:00:00+00:00,212,Female,headache
992,KALASALINGAM HOSPITAL,2019-05-06 00:00:00+00:00,208,Male,jaundies
993,KALASALINGAM HOSPITAL,2019-05-07 00:00:00+00:00,203,Female,colera
994,KALASALINGAM HOSPITAL,2019-05-08 00:00:00+00:00,203,Male,rashes
995,KALASALINGAM HOSPITAL,2019-05-09 00:00:00+00:00,201,Female,cold
996,KALASALINGAM HOSPITAL,2019-05-10 00:00:00+00:00,197,Male,fever
997,KALASALINGAM HOSPITAL,2019-05-13 00:00:00+00:00,186,Female,headache
998,KALASALINGAM HOSPITAL,2019-05-14 00:00:00+00:00,189,Male,jaundies
999,KALASALINGAM HOSPITAL,2019-05-15 00:00:00+00:00,191,Female,colera
1000,KALASALINGAM HOSPITAL,2019-05-16 00:00:00+00:00,190,Male,rashes
1001,KALASALINGAM HOSPITAL,2019-05-17 00:00:00+00:00,189,Female,cold
1002,KALASALINGAM HOSPITAL,2019-05-20 00:00:00+00:00,183,Male,fever
1003,KALASALINGAM HOSPITAL,2019-05-21 00:00:00+00:00,187,Female,headache
1004,KALASALINGAM HOSPITAL,2019-05-22 00:00:00+00:00,183,Male,jaundies
1005,KALASALINGAM HOSPITAL,2019-05-23 00:00:00+00:00,180,Female,colera
1006,KALASALINGAM HOSPITAL,2019-05-24 00:00:00+00:00,179,Male,rashes
1007,KALASALINGAM HOSPITAL,2019-05-28 00:00:00+00:00,178,Female,cold
1008,KALASALINGAM HOSPITAL,2019-05-29 00:00:00+00:00,177,Male,fever
1009,KALASALINGAM HOSPITAL,2019-05-30 00:00:00+00:00,178,Female,headache
1010,KALASALINGAM HOSPITAL,2019-05-31 00:00:00+00:00,175,Male,jaundies
1011,KALASALINGAM HOSPITAL,2019-06-03 00:00:00+00:00,173,Female,colera
1012,KALASALINGAM HOSPITAL,2019-06-04 00:00:00+00:00,180,Male,cold
1013,KALASALINGAM HOSPITAL,2019-06-05 00:00:00+00:00,183,Female,fever
1014,KALASALINGAM HOSPITAL,2019-06-06 00:00:00+00:00,185,Male,headache
1015,KALASALINGAM HOSPITAL,2019-06-07 00:00:00+00:00,190,Female,jaundies
1016,KALASALINGAM HOSPITAL,2019-06-10 00:00:00+00:00,193,Male,colera
1017,KALASALINGAM HOSPITAL,2019-06-11 00:00:00+00:00,195,Female,rashes
1018,KALASALINGAM HOSPITAL,2019-06-12 00:00:00+00:00,194,Male,cold
1019,KALASALINGAM HOSPITAL,2019-06-13 00:00:00+00:00,194,Female,fever
1020,KALASALINGAM HOSPITAL,2019-06-14 00:00:00+00:00,193,Male,headache
1021,KALASALINGAM HOSPITAL,2019-06-17 00:00:00+00:00,194,Female,jaundies
1022,KALASALINGAM HOSPITAL,2019-06-18 00:00:00+00:00,198,Male,colera
1023,KALASALINGAM HOSPITAL,2019-06-19 00:00:00+00:00,198,Female,rashes
1024,KALASALINGAM HOSPITAL,2019-06-20 00:00:00+00:00,199,Male,cold
1025,KALASALINGAM HOSPITAL,2019-06-21 00:00:00+00:00,199,Female,fever
1026,KALASALINGAM HOSPITAL,2019-06-24 00:00:00+00:00,199,Male,headache
1027,KALASALINGAM HOSPITAL,2019-06-25 00:00:00+00:00,196,Female,jaundies
1028,KALASALINGAM HOSPITAL,2019-06-26 00:00:00+00:00,200,Male,colera
1029,KALASALINGAM HOSPITAL,2019-06-27 00:00:00+00:00,200,Female,rashes
1030,KALASALINGAM HOSPITAL,2019-06-28 00:00:00+00:00,198,Male,cold
1031,KALASALINGAM HOSPITAL,2019-07-01 00:00:00+00:00,202,Female,fever
1032,KALASALINGAM HOSPITAL,2019-07-02 00:00:00+00:00,203,Male,headache
1033,KALASALINGAM HOSPITAL,2019-07-03 00:00:00+00:00,204,Female,jaundies
1034,KALASALINGAM HOSPITAL,2019-07-05 00:00:00+00:00,204,Male,colera
1035,KALASALINGAM HOSPITAL,2019-07-08 00:00:00+00:00,200,Female,cold
1036,KALASALINGAM HOSPITAL,2019-07-09 00:00:00+00:00,201,Male,fever
1037,KALASALINGAM HOSPITAL,2019-07-10 00:00:00+00:00,203,Female,headache
1038,KALASALINGAM HOSPITAL,2019-07-11 00:00:00+00:00,202,Male,jaundies
1039,KALASALINGAM HOSPITAL,2019-07-12 00:00:00+00:00,203,Female,colera
1040,KALASALINGAM HOSPITAL,2019-07-15 00:00:00+00:00,205,Male,rashes
1041,KALASALINGAM HOSPITAL,2019-07-16 00:00:00+00:00,205,Female,cold
1042,KALASALINGAM HOSPITAL,2019-07-17 00:00:00+00:00,203,Male,fever
1043,KALASALINGAM HOSPITAL,2019-07-18 00:00:00+00:00,206,Female,headache
1044,KALASALINGAM HOSPITAL,2019-07-19 00:00:00+00:00,203,Male,jaundies
1045,KALASALINGAM HOSPITAL,2019-07-22 00:00:00+00:00,207,Female,colera
1046,KALASALINGAM HOSPITAL,2019-07-23 00:00:00+00:00,209,Male,rashes
1047,KALASALINGAM HOSPITAL,2019-07-24 00:00:00+00:00,209,Female,cold
1048,KALASALINGAM HOSPITAL,2019-07-25 00:00:00+00:00,207,Male,fever
1049,KALASALINGAM HOSPITAL,2019-07-26 00:00:00+00:00,208,Female,headache
1050,KALASALINGAM HOSPITAL,2019-07-29 00:00:00+00:00,210,Male,jaundies
1051,KALASALINGAM HOSPITAL,2019-07-30 00:00:00+00:00,209,Female,colera
1052,KALASALINGAM HOSPITAL,2019-07-31 00:00:00+00:00,213,Male,rashes
1053,KALASALINGAM HOSPITAL,2019-08-01 00:00:00+00:00,208,Female,cold
1054,KALASALINGAM HOSPITAL,2019-08-02 00:00:00+00:00,204,Male,fever
1055,KALASALINGAM HOSPITAL,2019-08-05 00:00:00+00:00,193,Female,headache
1056,KALASALINGAM HOSPITAL,2019-08-06 00:00:00+00:00,197,Male,jaundies
1057,KALASALINGAM HOSPITAL,2019-08-07 00:00:00+00:00,199,Female,colera
1058,KALASALINGAM HOSPITAL,2019-08-08 00:00:00+00:00,203,Male,cold
1059,KALASALINGAM HOSPITAL,2019-08-09 00:00:00+00:00,201,Female,fever
1060,KALASALINGAM HOSPITAL,2019-08-12 00:00:00+00:00,200,Male,headache
1061,KALASALINGAM HOSPITAL,2019-08-13 00:00:00+00:00,209,Female,jaundies
1062,KALASALINGAM HOSPITAL,2019-08-14 00:00:00+00:00,203,Male,colera
1063,KALASALINGAM HOSPITAL,2019-08-15 00:00:00+00:00,202,Female,rashes
1064,KALASALINGAM HOSPITAL,2019-08-16 00:00:00+00:00,207,Male,cold
1065,KALASALINGAM HOSPITAL,2019-08-19 00:00:00+00:00,210,Female,fever
1066,KALASALINGAM HOSPITAL,2019-08-20 00:00:00+00:00,210,Male,headache
1067,KALASALINGAM HOSPITAL,2019-08-21 00:00:00+00:00,213,Female,jaundies
1068,KALASALINGAM HOSPITAL,2019-08-22 00:00:00+00:00,212,Male,colera
1069,KALASALINGAM HOSPITAL,2019-08-23 00:00:00+00:00,203,Female,rashes
1070,KALASALINGAM HOSPITAL,2019-08-26 00:00:00+00:00,206,Male,cold
1071,KALASALINGAM HOSPITAL,2019-08-27 00:00:00+00:00,204,Female,fever
1072,KALASALINGAM HOSPITAL,2019-08-28 00:00:00+00:00,206,Male,headache
1073,KALASALINGAM HOSPITAL,2019-08-29 00:00:00+00:00,209,Female,jaundies
1074,KALASALINGAM HOSPITAL,2019-08-30 00:00:00+00:00,209,Male,colera
1075,KALASALINGAM HOSPITAL,2019-09-03 00:00:00+00:00,206,Female,rashes
1076,KALASALINGAM HOSPITAL,2019-09-04 00:00:00+00:00,209,Male,cold
1077,KALASALINGAM HOSPITAL,2019-09-05 00:00:00+00:00,213,Female,fever
1078,KALASALINGAM HOSPITAL,2019-09-06 00:00:00+00:00,213,Male,headache
1079,KALASALINGAM HOSPITAL,2019-09-09 00:00:00+00:00,214,Female,jaundies
1080,KALASALINGAM HOSPITAL,2019-09-10 00:00:00+00:00,217,Male,colera
1081,KALASALINGAM HOSPITAL,2019-09-11 00:00:00+00:00,224,Female,cold
1082,KALASALINGAM HOSPITAL,2019-09-12 00:00:00+00:00,223,Male,fever
1083,KALASALINGAM HOSPITAL,2019-09-13 00:00:00+00:00,219,Female,headache
1084,KALASALINGAM HOSPITAL,2019-09-16 00:00:00+00:00,220,Male,jaundies
1085,KALASALINGAM HOSPITAL,2019-09-17 00:00:00+00:00,221,Female,colera
1086,KALASALINGAM HOSPITAL,2019-09-18 00:00:00+00:00,223,Male,rashes
1087,KALASALINGAM HOSPITAL,2019-09-19 00:00:00+00:00,221,Female,cold
1088,KALASALINGAM HOSPITAL,2019-09-20 00:00:00+00:00,218,Male,fever
1089,KALASALINGAM HOSPITAL,2019-09-23 00:00:00+00:00,219,Female,headache
1090,KALASALINGAM HOSPITAL,2019-09-24 00:00:00+00:00,218,Male,jaundies
1091,KALASALINGAM HOSPITAL,2019-09-25 00:00:00+00:00,221,Female,colera
1092,KALASALINGAM HOSPITAL,2019-09-26 00:00:00+00:00,220,Male,rashes
1093,KALASALINGAM HOSPITAL,2019-09-27 00:00:00+00:00,219,Female,cold
1094,KALASALINGAM HOSPITAL,2019-09-30 00:00:00+00:00,224,Male,fever
1095,KALASALINGAM HOSPITAL,2019-10-01 00:00:00+00:00,225,Female,headache
1096,KALASALINGAM HOSPITAL,2019-10-02 00:00:00+00:00,219,Male,jaundies
1097,KALASALINGAM HOSPITAL,2019-10-03 00:00:00+00:00,221,Female,colera
1098,KALASALINGAM HOSPITAL,2019-10-04 00:00:00+00:00,227,Male,rashes
1099,KALASALINGAM HOSPITAL,2019-10-07 00:00:00+00:00,227,Female,cold
1100,KALASALINGAM HOSPITAL,2019-10-08 00:00:00+00:00,224,Male,fever
1101,KALASALINGAM HOSPITAL,2019-10-09 00:00:00+00:00,227,Female,headache
1102,KALASALINGAM HOSPITAL,2019-10-10 00:00:00+00:00,230,Male,jaundies
1103,KALASALINGAM HOSPITAL,2019-10-11 00:00:00+00:00,236,Female,colera
1104,KALASALINGAM HOSPITAL,2019-10-14 00:00:00+00:00,236,Male,cold
1105,KALASALINGAM HOSPITAL,2019-10-15 00:00:00+00:00,235,Female,fever
1106,KALASALINGAM HOSPITAL,2019-10-16 00:00:00+00:00,234,Male,headache
1107,KALASALINGAM HOSPITAL,2019-10-17 00:00:00+00:00,235,Female,jaundies
1108,KALASALINGAM HOSPITAL,2019-10-18 00:00:00+00:00,236,Male,colera
1109,KALASALINGAM HOSPITAL,2019-10-21 00:00:00+00:00,241,Female,rashes
1110,KALASALINGAM HOSPITAL,2019-10-22 00:00:00+00:00,240,Male,cold
1111,KALASALINGAM HOSPITAL,2019-10-23 00:00:00+00:00,243,Female,fever
1112,KALASALINGAM HOSPITAL,2019-10-24 00:00:00+00:00,244,Male,headache
1113,KALASALINGAM HOSPITAL,2019-10-25 00:00:00+00:00,247,Female,jaundies
1114,KALASALINGAM HOSPITAL,2019-10-28 00:00:00+00:00,249,Male,colera
1115,KALASALINGAM HOSPITAL,2019-10-29 00:00:00+00:00,243,Female,rashes
1116,KALASALINGAM HOSPITAL,2019-10-30 00:00:00+00:00,243,Male,cold
1117,KALASALINGAM HOSPITAL,2019-10-31 00:00:00+00:00,249,Female,fever
1118,KALASALINGAM HOSPITAL,2019-11-01 00:00:00+00:00,256,Male,headache
1119,KALASALINGAM HOSPITAL,2019-11-04 00:00:00+00:00,258,Female,jaundies
1120,KALASALINGAM HOSPITAL,2019-11-05 00:00:00+00:00,257,Male,colera
1121,KALASALINGAM HOSPITAL,2019-11-06 00:00:00+00:00,257,Female,rashes
1122,KALASALINGAM HOSPITAL,2019-11-07 00:00:00+00:00,259,Male,cold
1123,KALASALINGAM HOSPITAL,2019-11-08 00:00:00+00:00,260,Female,fever
1124,KALASALINGAM HOSPITAL,2019-11-11 00:00:00+00:00,262,Male,headache
1125,KALASALINGAM HOSPITAL,2019-11-12 00:00:00+00:00,262,Female,jaundies
1126,KALASALINGAM HOSPITAL,2019-11-13 00:00:00+00:00,264,Male,colera
1127,KALASALINGAM HOSPITAL,2019-11-14 00:00:00+00:00,263,Female,cold
1128,KALASALINGAM HOSPITAL,2019-11-15 00:00:00+00:00,266,Male,fever
1129,KALASALINGAM HOSPITAL,2019-11-18 00:00:00+00:00,267,Female,headache
1130,KALASALINGAM HOSPITAL,2019-11-19 00:00:00+00:00,266,Male,jaundies
1131,KALASALINGAM HOSPITAL,2019-11-20 00:00:00+00:00,263,Female,colera
1132,KALASALINGAM HOSPITAL,2019-11-21 00:00:00+00:00,262,Male,rashes
1133,KALASALINGAM HOSPITAL,2019-11-22 00:00:00+00:00,262,Female,cold
1134,KALASALINGAM HOSPITAL,2019-11-25 00:00:00+00:00,266,Male,fever
1135,KALASALINGAM HOSPITAL,2019-11-26 00:00:00+00:00,264,Female,headache
1136,KALASALINGAM HOSPITAL,2019-11-27 00:00:00+00:00,268,Male,jaundies
1137,KALASALINGAM HOSPITAL,2019-11-29 00:00:00+00:00,267,Female,colera
1138,KALASALINGAM HOSPITAL,2019-12-02 00:00:00+00:00,264,Male,rashes
1139,KALASALINGAM HOSPITAL,2019-12-03 00:00:00+00:00,259,Female,cold
1140,KALASALINGAM HOSPITAL,2019-12-04 00:00:00+00:00,262,Male,fever
1141,KALASALINGAM HOSPITAL,2019-12-05 00:00:00+00:00,266,Female,headache
1142,KALASALINGAM HOSPITAL,2019-12-06 00:00:00+00:00,271,Male,jaundies
1143,KALASALINGAM HOSPITAL,2019-12-09 00:00:00+00:00,267,Female,colera
1144,KALASALINGAM HOSPITAL,2019-12-10 00:00:00+00:00,268,Male,rashes
1145,KALASALINGAM HOSPITAL,2019-12-11 00:00:00+00:00,271,Female,cold
1146,KALASALINGAM HOSPITAL,2019-12-12 00:00:00+00:00,271,Male,fever
1147,KALASALINGAM HOSPITAL,2019-12-13 00:00:00+00:00,275,Female,headache
1148,KALASALINGAM HOSPITAL,2019-12-16 00:00:00+00:00,280,Male,jaundies
1149,KALASALINGAM HOSPITAL,2019-12-17 00:00:00+00:00,280,Female,colera
1150,KALASALINGAM HOSPITAL,2019-12-18 00:00:00+00:00,280,Male,cold
1151,KALASALINGAM HOSPITAL,2019-12-19 00:00:00+00:00,280,Female,fever
1152,KALASALINGAM HOSPITAL,2019-12-20 00:00:00+00:00,279,Male,headache
1153,KALASALINGAM HOSPITAL,2019-12-23 00:00:00+00:00,284,Female,jaundies
1154,KALASALINGAM HOSPITAL,2019-12-24 00:00:00+00:00,284,Male,colera
1155,KALASALINGAM HOSPITAL,2019-12-26 00:00:00+00:00,290,Female,rashes
1156,KALASALINGAM HOSPITAL,2019-12-27 00:00:00+00:00,290,Male,cold
1157,KALASALINGAM HOSPITAL,2019-12-30 00:00:00+00:00,292,Female,fever
1158,KALASALINGAM HOSPITAL,2019-12-31 00:00:00+00:00,294,Male,headache
1159,KALASALINGAM HOSPITAL,2020-01-02 00:00:00+00:00,300,Female,jaundies
1160,KALASALINGAM HOSPITAL,2020-01-03 00:00:00+00:00,297,Male,colera
1161,KALASALINGAM HOSPITAL,2020-01-06 00:00:00+00:00,300,Female,rashes
1162,KALASALINGAM HOSPITAL,2020-01-07 00:00:00+00:00,298,Male,cold
1163,KALASALINGAM HOSPITAL,2020-01-08 00:00:00+00:00,303,Female,fever
1164,KALASALINGAM HOSPITAL,2020-01-09 00:00:00+00:00,310,Male,headache
1165,KALASALINGAM HOSPITAL,2020-01-10 00:00:00+00:00,310,Female,jaundies
1166,KALASALINGAM HOSPITAL,2020-01-13 00:00:00+00:00,317,Male,colera
1167,KALASALINGAM HOSPITAL,2020-01-14 00:00:00+00:00,313,Female,rashes
1168,KALASALINGAM HOSPITAL,2020-01-15 00:00:00+00:00,311,Male,cold
1169,KALASALINGAM HOSPITAL,2020-01-16 00:00:00+00:00,315,Female,fever
1170,KALASALINGAM HOSPITAL,2020-01-17 00:00:00+00:00,319,Male,headache
1171,KALASALINGAM HOSPITAL,2020-01-21 00:00:00+00:00,317,Female,jaundies
1172,KALASALINGAM HOSPITAL,2020-01-22 00:00:00+00:00,318,Male,colera
1173,KALASALINGAM HOSPITAL,2020-01-23 00:00:00+00:00,319,Female,cold
1174,KALASALINGAM HOSPITAL,2020-01-24 00:00:00+00:00,318,Male,fever
1175,KALASALINGAM HOSPITAL,2020-01-27 00:00:00+00:00,309,Female,headache
1176,KALASALINGAM HOSPITAL,2020-01-28 00:00:00+00:00,318,Male,jaundies
1177,KALASALINGAM HOSPITAL,2020-01-29 00:00:00+00:00,324,Female,colera
1178,KALASALINGAM HOSPITAL,2020-01-30 00:00:00+00:00,324,Male,rashes
1179,KALASALINGAM HOSPITAL,2020-01-31 00:00:00+00:00,310,Female,cold
1180,KALASALINGAM HOSPITAL,2020-02-03 00:00:00+00:00,309,Male,fever
1181,KALASALINGAM HOSPITAL,2020-02-04 00:00:00+00:00,319,Female,headache
1182,KALASALINGAM HOSPITAL,2020-02-05 00:00:00+00:00,321,Male,jaundies
1183,KALASALINGAM HOSPITAL,2020-02-06 00:00:00+00:00,325,Female,colera
1184,KALASALINGAM HOSPITAL,2020-02-07 00:00:00+00:00,320,Male,rashes
1185,KALASALINGAM HOSPITAL,2020-02-10 00:00:00+00:00,322,Female,cold
1186,KALASALINGAM HOSPITAL,2020-02-11 00:00:00+00:00,320,Male,fever
1187,KALASALINGAM HOSPITAL,2020-02-12 00:00:00+00:00,327,Female,headache
1188,KALASALINGAM HOSPITAL,2020-02-13 00:00:00+00:00,325,Male,jaundies
1189,KALASALINGAM HOSPITAL,2020-02-14 00:00:00+00:00,325,Female,colera
1190,KALASALINGAM HOSPITAL,2020-02-18 00:00:00+00:00,319,Male,rashes
1191,KALASALINGAM HOSPITAL,2020-02-19 00:00:00+00:00,324,Female,cold
1192,KALASALINGAM HOSPITAL,2020-02-20 00:00:00+00:00,320,Male,fever
1193,KALASALINGAM HOSPITAL,2020-02-21 00:00:00+00:00,313,Female,headache
1194,KALASALINGAM HOSPITAL,2020-02-24 00:00:00+00:00,298,Male,jaundies
1195,KALASALINGAM HOSPITAL,2020-02-25 00:00:00+00:00,288,Female,colera
1196,KALASALINGAM HOSPITAL,2020-02-26 00:00:00+00:00,293,Male,cold
1197,KALASALINGAM HOSPITAL,2020-02-27 00:00:00+00:00,274,Female,fever
1198,KALASALINGAM HOSPITAL,2020-02-28 00:00:00+00:00,273,Male,headache
1199,KALASALINGAM HOSPITAL,2020-03-02 00:00:00+00:00,299,Female,jaundies
1200,KALASALINGAM HOSPITAL,2020-03-03 00:00:00+00:00,289,Male,colera
1201,KALASALINGAM HOSPITAL,2020-03-04 00:00:00+00:00,303,Female,rashes
1202,KALASALINGAM HOSPITAL,2020-03-05 00:00:00+00:00,293,Male,cold
1203,KALASALINGAM HOSPITAL,2020-03-06 00:00:00+00:00,289,Female,fever
1204,KALASALINGAM HOSPITAL,2020-03-09 00:00:00+00:00,266,Male,headache
1205,KALASALINGAM HOSPITAL,2020-03-10 00:00:00+00:00,285,Female,jaundies
1206,KALASALINGAM HOSPITAL,2020-03-11 00:00:00+00:00,275,Male,colera
1207,KALASALINGAM HOSPITAL,2020-03-12 00:00:00+00:00,248,Female,rashes
1208,KALASALINGAM HOSPITAL,2020-03-13 00:00:00+00:00,278,Male,cold
1209,KALASALINGAM HOSPITAL,2020-03-16 00:00:00+00:00,242,Female,fever
1210,KALASALINGAM HOSPITAL,2020-03-17 00:00:00+00:00,253,Male,headache
1211,KALASALINGAM HOSPITAL,2020-03-18 00:00:00+00:00,247,Female,jaundies
1212,KALASALINGAM HOSPITAL,2020-03-19 00:00:00+00:00,245,Male,colera
1213,KALASALINGAM HOSPITAL,2020-03-20 00:00:00+00:00,229,Female,rashes
1214,KALASALINGAM HOSPITAL,2020-03-23 00:00:00+00:00,224,Male,cold
1215,KALASALINGAM HOSPITAL,2020-03-24 00:00:00+00:00,247,Female,fever
1216,KALASALINGAM HOSPITAL,2020-03-25 00:00:00+00:00,246,Male,headache
1217,KALASALINGAM HOSPITAL,2020-03-26 00:00:00+00:00,258,Female,jaundies
1218,KALASALINGAM HOSPITAL,2020-03-27 00:00:00+00:00,248,Male,colera
1219,KALASALINGAM HOSPITAL,2020-03-30 00:00:00+00:00,255,Female,cold
1220,KALASALINGAM HOSPITAL,2020-03-31 00:00:00+00:00,254,Male,fever
1221,KALASALINGAM HOSPITAL,2020-04-01 00:00:00+00:00,241,Female,headache
1222,KALASALINGAM HOSPITAL,2020-04-02 00:00:00+00:00,245,Male,jaundies
1223,KALASALINGAM HOSPITAL,2020-04-03 00:00:00+00:00,241,Female,colera
1224,KALASALINGAM HOSPITAL,2020-04-06 00:00:00+00:00,262,Male,rashes
1225,KALASALINGAM HOSPITAL,2020-04-07 00:00:00+00:00,259,Female,cold
1226,KALASALINGAM HOSPITAL,2020-04-08 00:00:00+00:00,266,Male,fever
1227,KALASALINGAM HOSPITAL,2020-04-09 00:00:00+00:00,268,Female,headache
1228,KALASALINGAM HOSPITAL,2020-04-13 00:00:00+00:00,273,Male,jaundies
1229,KALASALINGAM HOSPITAL,2020-04-14 00:00:00+00:00,287,Female,colera
1230,KALASALINGAM HOSPITAL,2020-04-15 00:00:00+00:00,284,Male,rashes
1231,KALASALINGAM HOSPITAL,2020-04-16 00:00:00+00:00,287,Female,cold
1232,KALASALINGAM HOSPITAL,2020-04-17 00:00:00+00:00,283,Male,fever
1233,KALASALINGAM HOSPITAL,2020-04-20 00:00:00+00:00,277,Female,headache
1234,KALASALINGAM HOSPITAL,2020-04-21 00:00:00+00:00,268,Male,jaundies
1235,KALASALINGAM HOSPITAL,2020-04-22 00:00:00+00:00,276,Female,colera
1236,KALASALINGAM HOSPITAL,2020-04-23 00:00:00+00:00,275,Male,rashes
1237,KALASALINGAM HOSPITAL,2020-04-24 00:00:00+00:00,283,Female,cold
1238,KALASALINGAM HOSPITAL,2020-04-27 00:00:00+00:00,283,Male,fever
1239,KALASALINGAM HOSPITAL,2020-04-28 00:00:00+00:00,279,Female,headache
1240,KALASALINGAM HOSPITAL,2020-04-29 00:00:00+00:00,288,Male,jaundies
1241,KALASALINGAM HOSPITAL,2020-04-30 00:00:00+00:00,294,Female,colera
1242,KALASALINGAM HOSPITAL,2020-05-01 00:00:00+00:00,289,Male,cold
1243,KALASALINGAM HOSPITAL,2020-05-04 00:00:00+00:00,293,Female,fever
1244,KALASALINGAM HOSPITAL,2020-05-05 00:00:00+00:00,298,Male,headache
1245,KALASALINGAM HOSPITAL,2020-05-06 00:00:00+00:00,301,Female,jaundies
1246,KALASALINGAM HOSPITAL,2020-05-07 00:00:00+00:00,304,Male,colera
1247,KALASALINGAM HOSPITAL,2020-05-08 00:00:00+00:00,310,Female,rashes
1248,KALASALINGAM HOSPITAL,2020-05-11 00:00:00+00:00,315,Male,cold
1249,KALASALINGAM HOSPITAL,2020-05-12 00:00:00+00:00,311,Female,fever
1250,KALASALINGAM HOSPITAL,2020-05-13 00:00:00+00:00,308,Male,headache
1251,KALASALINGAM HOSPITAL,2020-05-14 00:00:00+00:00,310,Female,jaundies
1252,KALASALINGAM HOSPITAL,2020-05-15 00:00:00+00:00,308,Male,colera
1253,KALASALINGAM HOSPITAL,2020-05-18 00:00:00+00:00,315,Female,rashes
1254,KALASALINGAM HOSPITAL,2020-05-19 00:00:00+00:00,313,Male,cold
1255,KALASALINGAM HOSPITAL,2020-05-20 00:00:00+00:00,319,Female,fever
1256,KALASALINGAM HOSPITAL,2020-05-21 00:00:00+00:00,317,Male,headache
1257,KALASALINGAM HOSPITAL,2020-05-22 00:00:00+00:00,319,Female,jaundies
